transaction_id,timestamp,amount,channel,country,customer_segment,merchant_category,risk_score,is_fraud
TX000000,2024-04-25 17:00,192.27,Wire,AE,SME,Retail,57,0
TX000001,2024-01-24 17:00,3837.65,Wire,SG,Corporate,Real Estate,83,0
TX000002,2024-01-04 16:00,3341.69,ACH,CN,Corporate,Real Estate,25,0
TX000003,2024-06-12 09:00,402.82,Card,RU,Corporate,Real Estate,10,0
TX000004,2024-03-21 07:00,415.56,Card,GB,Corporate,Retail,37,0
TX000005,2024-01-05 21:00,2267.29,Crypto,SG,Corporate,Retail,72,0
TX000006,2024-07-18 21:00,229.88,Card,SG,Retail,Crypto,31,0
TX000007,2024-01-03 01:00,346.41,ACH,KY,Corporate,Real Estate,24,0
TX000008,2024-07-15 04:00,301.18,Card,KY,Retail,Gambling,75,0
TX000009,2024-01-06 06:00,690.78,Wire,DE,SME,Financial Services,33,1
TX000010,2024-06-05 10:00,1339.45,Wire,KY,SME,Retail,76,0
TX000011,2024-06-08 14:00,53.82,SWIFT,DE,Corporate,Crypto,80,0
TX000012,2024-02-28 19:00,202.44,ACH,KY,Corporate,Financial Services,77,0
TX000013,2024-01-13 03:00,67.49,Card,SG,HNW,Financial Services,76,0
TX000014,2024-05-13 05:00,81.44,ACH,GB,HNW,Crypto,26,0
TX000015,2024-01-18 08:00,310.12,Wire,RU,HNW,Real Estate,73,0
TX000016,2024-01-24 11:00,93.02,Card,DE,Retail,Retail,60,0
TX000017,2024-06-28 09:00,725.31,ACH,CN,SME,Retail,9,0
TX000018,2024-04-04 23:00,740.7,Crypto,CN,HNW,Retail,87,0
TX000019,2024-01-20 13:00,403.36,ACH,SG,Retail,Real Estate,9,0
TX000020,2024-06-12 03:00,927.23,ACH,AE,Corporate,Financial Services,69,0
TX000021,2024-07-11 16:00,381.77,ACH,AE,Corporate,Gambling,1,0
TX000022,2024-02-06 21:00,676.9,ACH,CN,Corporate,Financial Services,30,0
TX000023,2024-06-19 08:00,123.78,SWIFT,KY,SME,Financial Services,28,0
TX000024,2024-03-22 06:00,80.53,SWIFT,US,Retail,Gambling,21,0
TX000025,2024-04-30 08:00,233.77,ACH,AE,HNW,Retail,4,0
TX000026,2024-06-04 01:00,701.32,Card,US,SME,Financial Services,58,0
TX000027,2024-07-15 08:00,204.05,Wire,GB,Corporate,Retail,80,0
TX000028,2024-06-12 11:00,112.44,Wire,US,Corporate,Real Estate,91,0
TX000029,2024-02-27 08:00,1555.77,Crypto,DE,Corporate,Crypto,11,0
TX000030,2024-07-03 12:00,89.09,ACH,US,Corporate,Real Estate,72,0
TX000031,2024-05-08 10:00,319.86,Card,GB,SME,Crypto,49,0
TX000032,2024-03-20 17:00,61.26,Wire,GB,Retail,Financial Services,43,0
TX000033,2024-07-15 08:00,391.97,SWIFT,GB,Corporate,Retail,22,0
TX000034,2024-06-24 04:00,2576.58,ACH,AE,Corporate,Real Estate,88,0
TX000035,2024-02-26 14:00,438.68,ACH,DE,HNW,Gambling,85,0
TX000036,2024-06-05 06:00,242.8,Card,RU,Corporate,Crypto,52,0
TX000037,2024-05-08 00:00,513.57,Crypto,SG,Retail,Financial Services,11,0
TX000038,2024-01-17 17:00,126.96,SWIFT,SG,HNW,Crypto,60,0
TX000039,2024-03-27 13:00,2898.54,Wire,SG,Retail,Gambling,16,0
TX000040,2024-01-06 01:00,166.86,ACH,CN,HNW,Crypto,79,0
TX000041,2024-05-07 23:00,1392.05,ACH,KY,Corporate,Retail,48,0
TX000042,2024-05-15 19:00,155.45,ACH,KY,SME,Real Estate,78,0
TX000043,2024-02-04 07:00,4847.13,Card,DE,HNW,Real Estate,40,0
TX000044,2024-02-19 06:00,871.84,Wire,KY,SME,Retail,33,0
TX000045,2024-04-21 13:00,559.47,Card,US,Retail,Crypto,72,0
TX000046,2024-04-02 03:00,1407.61,Card,KY,Retail,Financial Services,13,0
TX000047,2024-07-14 17:00,5791.33,Card,KY,SME,Retail,26,0
TX000048,2024-02-10 09:00,281.6,Card,AE,Corporate,Real Estate,45,0
TX000049,2024-06-02 11:00,1030.46,Card,CN,Corporate,Crypto,77,0
TX000050,2024-05-11 00:00,262.53,SWIFT,SG,SME,Real Estate,74,0
TX000051,2024-07-14 08:00,231.27,ACH,DE,Corporate,Crypto,42,0
TX000052,2024-06-26 11:00,5109.76,Card,DE,Retail,Gambling,38,0
TX000053,2024-01-03 11:00,101.32,Crypto,RU,HNW,Crypto,84,0
TX000054,2024-02-16 17:00,57.71,Card,KY,Retail,Financial Services,73,0
TX000055,2024-06-06 03:00,825.85,Card,US,SME,Financial Services,1,0
TX000056,2024-03-05 08:00,3012.76,Card,GB,Corporate,Retail,70,0
TX000057,2024-07-13 01:00,6.52,Card,DE,Corporate,Real Estate,78,0
TX000058,2024-04-19 15:00,277.64,Card,CN,HNW,Financial Services,83,0
TX000059,2024-03-13 21:00,801.28,Wire,KY,Retail,Crypto,52,0
TX000060,2024-04-09 01:00,1969.26,Card,KY,Retail,Real Estate,12,0
TX000061,2024-07-04 14:00,58.23,Wire,SG,Corporate,Retail,26,0
TX000062,2024-04-01 16:00,120.37,Wire,SG,Corporate,Real Estate,33,0
TX000063,2024-06-23 13:00,123.47,SWIFT,DE,HNW,Crypto,30,0
TX000064,2024-05-08 09:00,2187.96,Card,RU,SME,Gambling,96,0
TX000065,2024-03-04 16:00,105.26,Card,US,Retail,Crypto,69,0
TX000066,2024-07-12 02:00,381.76,Card,AE,SME,Retail,15,0
TX000067,2024-06-08 06:00,246.84,Card,DE,HNW,Crypto,83,0
TX000068,2024-06-01 10:00,58.26,SWIFT,DE,Corporate,Gambling,74,0
TX000069,2024-03-23 02:00,478.82,Card,AE,HNW,Retail,9,0
TX000070,2024-06-18 19:00,105.64,ACH,CN,HNW,Crypto,28,0
TX000071,2024-07-04 10:00,287.84,ACH,RU,Corporate,Real Estate,39,0
TX000072,2024-02-26 12:00,419.63,SWIFT,US,HNW,Financial Services,74,0
TX000073,2024-02-19 23:00,813.42,Card,DE,SME,Retail,97,0
TX000074,2024-03-13 00:00,136.86,Wire,SG,Retail,Real Estate,69,0
TX000075,2024-05-19 02:00,242.72,Wire,CN,Retail,Retail,81,0
TX000076,2024-01-25 23:00,1366.97,ACH,AE,HNW,Financial Services,50,0
TX000077,2024-03-26 21:00,82.89,SWIFT,GB,Retail,Financial Services,96,0
TX000078,2024-06-19 11:00,484.69,SWIFT,SG,Corporate,Crypto,31,0
TX000079,2024-06-11 12:00,738.39,Card,RU,HNW,Retail,60,0
TX000080,2024-01-30 09:00,1759.69,Wire,US,Corporate,Retail,74,0
TX000081,2024-01-10 10:00,138.35,Card,KY,Corporate,Real Estate,65,0
TX000082,2024-02-17 08:00,35.35,Crypto,AE,HNW,Financial Services,51,0
TX000083,2024-03-28 21:00,4707.31,Card,KY,Corporate,Retail,27,0
TX000084,2024-04-08 16:00,7408.61,ACH,US,SME,Retail,60,0
TX000085,2024-04-25 07:00,1349.53,Wire,DE,HNW,Crypto,33,0
TX000086,2024-05-12 04:00,131.79,Wire,DE,Retail,Crypto,19,0
TX000087,2024-01-22 11:00,66.02,Wire,AE,Corporate,Retail,95,0
TX000088,2024-05-09 09:00,46.8,ACH,AE,SME,Retail,69,0
TX000089,2024-05-06 05:00,202.38,Card,AE,Retail,Gambling,9,0
TX000090,2024-01-28 21:00,260.28,Crypto,GB,Corporate,Retail,48,0
TX000091,2024-05-01 07:00,239.97,ACH,KY,SME,Gambling,80,0
TX000092,2024-05-18 23:00,204.55,Card,GB,HNW,Crypto,25,0
TX000093,2024-01-29 10:00,224.89,Card,CN,Corporate,Financial Services,11,0
TX000094,2024-06-08 03:00,43.65,Wire,KY,Corporate,Retail,59,0
TX000095,2024-01-24 03:00,195.7,Wire,SG,Retail,Gambling,54,0
TX000096,2024-02-05 20:00,186.61,ACH,AE,HNW,Financial Services,79,1
TX000097,2024-04-12 19:00,2700.91,ACH,US,HNW,Gambling,24,0
TX000098,2024-06-15 14:00,98.41,Card,RU,Retail,Real Estate,91,0
TX000099,2024-07-15 17:00,2949.88,Card,DE,SME,Real Estate,91,0
TX000100,2024-02-20 18:00,193.46,Card,SG,HNW,Gambling,11,0
TX000101,2024-04-02 08:00,367.19,Crypto,DE,SME,Real Estate,69,0
TX000102,2024-01-17 17:00,1228.28,ACH,CN,SME,Retail,0,0
TX000103,2024-04-03 07:00,996.81,Wire,GB,Corporate,Retail,51,0
TX000104,2024-06-17 04:00,109.42,ACH,SG,Retail,Crypto,25,0
TX000105,2024-01-09 04:00,432.88,Card,CN,SME,Gambling,31,0
TX000106,2024-03-26 01:00,560.3,ACH,DE,Corporate,Financial Services,76,0
TX000107,2024-03-29 13:00,514.71,Card,AE,Corporate,Financial Services,15,0
TX000108,2024-05-14 10:00,445.06,SWIFT,CN,Retail,Gambling,92,0
TX000109,2024-04-20 23:00,268.75,ACH,GB,SME,Retail,57,0
TX000110,2024-04-11 01:00,379.73,SWIFT,RU,Corporate,Crypto,8,0
TX000111,2024-07-06 21:00,211.69,Card,DE,SME,Financial Services,72,0
TX000112,2024-01-19 03:00,424.26,SWIFT,AE,Retail,Gambling,31,0
TX000113,2024-01-07 10:00,109.07,Card,SG,SME,Gambling,88,0
TX000114,2024-01-12 09:00,171.68,Crypto,AE,SME,Crypto,37,0
TX000115,2024-06-26 01:00,217.76,Wire,KY,SME,Crypto,6,0
TX000116,2024-03-19 23:00,169.02,SWIFT,CN,Corporate,Financial Services,10,0
TX000117,2024-03-19 03:00,723.67,Wire,KY,HNW,Gambling,47,0
TX000118,2024-05-14 03:00,523.24,Card,DE,SME,Gambling,16,0
TX000119,2024-01-24 14:00,2765.09,Card,US,Retail,Real Estate,75,0
TX000120,2024-03-05 13:00,846.25,Card,KY,SME,Crypto,35,0
TX000121,2024-01-08 05:00,864.84,SWIFT,AE,Corporate,Retail,63,0
TX000122,2024-01-17 17:00,186.09,Wire,RU,SME,Real Estate,99,0
TX000123,2024-01-29 19:00,261.55,Card,RU,SME,Gambling,62,0
TX000124,2024-05-28 19:00,402.46,Card,US,Corporate,Crypto,41,0
TX000125,2024-01-05 19:00,397.28,Card,RU,Retail,Retail,14,0
TX000126,2024-05-25 20:00,640.81,Card,DE,Retail,Gambling,54,0
TX000127,2024-03-21 19:00,4560.47,ACH,AE,Retail,Real Estate,21,0
TX000128,2024-03-04 05:00,395.26,Card,AE,Retail,Gambling,52,0
TX000129,2024-06-27 06:00,523.02,ACH,US,Retail,Crypto,52,0
TX000130,2024-02-06 02:00,287.09,Card,GB,Retail,Real Estate,29,0
TX000131,2024-01-31 17:00,1575.8,Wire,KY,HNW,Gambling,43,0
TX000132,2024-06-05 06:00,72.26,ACH,US,HNW,Real Estate,88,0
TX000133,2024-05-31 05:00,351.63,SWIFT,SG,Corporate,Retail,27,0
TX000134,2024-03-04 05:00,374.78,Card,RU,Corporate,Financial Services,62,0
TX000135,2024-06-22 05:00,1115.44,Card,GB,Retail,Gambling,46,0
TX000136,2024-06-07 00:00,474.92,Card,KY,HNW,Retail,46,0
TX000137,2024-07-05 11:00,138.91,SWIFT,GB,Retail,Gambling,49,0
TX000138,2024-04-07 10:00,692.88,ACH,AE,Retail,Crypto,19,0
TX000139,2024-02-02 01:00,133.88,Card,DE,HNW,Gambling,92,0
TX000140,2024-04-06 04:00,464.82,Wire,CN,SME,Retail,37,0
TX000141,2024-06-05 06:00,1170.94,Wire,RU,Retail,Crypto,71,0
TX000142,2024-06-19 03:00,80.59,Wire,SG,Retail,Financial Services,63,0
TX000143,2024-04-08 10:00,79.87,Card,SG,SME,Financial Services,98,0
TX000144,2024-06-19 22:00,212.77,Card,SG,SME,Financial Services,74,0
TX000145,2024-05-21 09:00,275.59,Wire,SG,HNW,Retail,48,0
TX000146,2024-05-29 09:00,364.05,Card,US,Retail,Gambling,41,0
TX000147,2024-05-24 09:00,81.47,Wire,AE,Corporate,Real Estate,43,0
TX000148,2024-04-02 00:00,7694.71,ACH,US,Corporate,Real Estate,53,0
TX000149,2024-01-18 14:00,1587.71,SWIFT,US,SME,Real Estate,34,0
TX000150,2024-04-02 15:00,165.83,ACH,KY,Retail,Real Estate,50,1
TX000151,2024-05-20 15:00,6460.99,ACH,RU,HNW,Retail,2,0
TX000152,2024-07-02 06:00,1620.0,Crypto,DE,SME,Gambling,79,0
TX000153,2024-05-24 09:00,268.44,ACH,AE,SME,Crypto,46,0
TX000154,2024-02-15 16:00,1403.44,SWIFT,AE,Retail,Crypto,79,0
TX000155,2024-05-03 01:00,227.02,ACH,SG,HNW,Gambling,47,0
TX000156,2024-03-24 05:00,86.55,SWIFT,DE,Corporate,Crypto,79,0
TX000157,2024-03-09 05:00,105.48,ACH,KY,SME,Retail,60,0
TX000158,2024-02-04 08:00,829.18,ACH,SG,Corporate,Crypto,6,0
TX000159,2024-01-31 01:00,139.61,Card,GB,Corporate,Gambling,3,0
TX000160,2024-05-03 05:00,268.11,SWIFT,RU,SME,Financial Services,92,0
TX000161,2024-07-14 04:00,2336.91,ACH,RU,SME,Financial Services,22,0
TX000162,2024-05-22 08:00,1800.35,Wire,US,HNW,Real Estate,72,0
TX000163,2024-06-09 12:00,210.09,Card,CN,HNW,Real Estate,6,0
TX000164,2024-01-02 09:00,263.91,ACH,SG,Corporate,Retail,53,0
TX000165,2024-05-23 12:00,474.84,ACH,RU,HNW,Crypto,37,0
TX000166,2024-04-23 18:00,6039.35,Wire,US,SME,Real Estate,15,0
TX000167,2024-03-10 11:00,65.06,SWIFT,GB,HNW,Retail,98,0
TX000168,2024-03-03 23:00,396.97,Card,GB,Corporate,Financial Services,90,0
TX000169,2024-06-08 00:00,96.84,Card,RU,HNW,Financial Services,45,0
TX000170,2024-01-18 20:00,260.04,Card,DE,SME,Retail,95,0
TX000171,2024-03-18 21:00,147.69,Wire,CN,HNW,Crypto,55,0
TX000172,2024-04-12 16:00,646.53,Card,AE,SME,Financial Services,52,0
TX000173,2024-02-15 08:00,83.72,Crypto,DE,HNW,Real Estate,1,0
TX000174,2024-06-11 21:00,188.05,Card,CN,Corporate,Financial Services,64,0
TX000175,2024-01-30 03:00,4567.09,Card,AE,Corporate,Financial Services,64,0
TX000176,2024-06-02 17:00,563.83,Wire,AE,Corporate,Gambling,75,0
TX000177,2024-01-14 10:00,93.6,Crypto,CN,SME,Financial Services,70,0
TX000178,2024-02-02 15:00,138.82,Crypto,DE,Retail,Retail,65,0
TX000179,2024-03-07 02:00,194.69,Card,KY,Retail,Financial Services,25,0
TX000180,2024-06-13 07:00,47.6,ACH,AE,SME,Retail,63,0
TX000181,2024-07-16 17:00,137.54,Crypto,KY,HNW,Retail,53,0
TX000182,2024-04-09 00:00,3083.02,SWIFT,GB,Retail,Crypto,68,0
TX000183,2024-07-05 06:00,91.79,ACH,RU,SME,Crypto,23,0
TX000184,2024-02-13 22:00,486.56,Card,RU,HNW,Real Estate,79,0
TX000185,2024-02-20 00:00,919.37,Card,SG,SME,Crypto,9,0
TX000186,2024-04-18 11:00,1350.31,Card,GB,Retail,Gambling,65,0
TX000187,2024-03-01 15:00,516.57,SWIFT,RU,Retail,Financial Services,28,0
TX000188,2024-04-09 06:00,1573.03,Card,GB,HNW,Financial Services,42,0
TX000189,2024-04-22 21:00,1691.95,ACH,KY,Retail,Financial Services,47,0
TX000190,2024-03-05 12:00,308.34,SWIFT,GB,Retail,Financial Services,26,0
TX000191,2024-04-03 00:00,146.82,ACH,CN,Retail,Crypto,60,0
TX000192,2024-02-13 14:00,413.5,ACH,US,SME,Retail,50,0
TX000193,2024-02-28 20:00,447.49,Wire,AE,Corporate,Crypto,66,0
TX000194,2024-02-23 15:00,287.57,Card,GB,Retail,Crypto,83,0
TX000195,2024-07-08 08:00,243.56,Card,DE,Retail,Gambling,46,0
TX000196,2024-01-07 03:00,197.26,Card,GB,Retail,Gambling,64,0
TX000197,2024-01-18 18:00,71.3,Card,RU,HNW,Gambling,99,0
TX000198,2024-05-31 13:00,512.27,Wire,DE,Retail,Real Estate,19,0
TX000199,2024-05-24 16:00,60.01,Crypto,GB,Corporate,Retail,29,0
TX000200,2024-01-29 23:00,942.74,Card,US,Corporate,Retail,63,0
TX000201,2024-05-19 20:00,5479.92,Card,RU,Retail,Crypto,33,0
TX000202,2024-06-17 13:00,191.1,ACH,DE,Retail,Financial Services,80,0
TX000203,2024-07-08 19:00,171.95,Card,AE,Corporate,Gambling,83,0
TX000204,2024-04-25 03:00,50.9,Card,SG,SME,Retail,91,0
TX000205,2024-03-21 11:00,385.17,ACH,AE,Retail,Gambling,52,0
TX000206,2024-01-27 00:00,773.41,Card,CN,HNW,Crypto,77,0
TX000207,2024-01-15 10:00,181.33,ACH,CN,Retail,Retail,27,0
TX000208,2024-03-10 13:00,681.24,Wire,GB,Retail,Financial Services,28,0
TX000209,2024-03-25 01:00,42.31,ACH,RU,Retail,Financial Services,6,0
TX000210,2024-01-22 17:00,118.91,ACH,KY,Retail,Financial Services,53,0
TX000211,2024-06-09 02:00,652.39,ACH,SG,Retail,Financial Services,40,0
TX000212,2024-07-05 02:00,59.83,ACH,GB,Corporate,Gambling,88,0
TX000213,2024-05-23 03:00,1331.16,Card,DE,Retail,Crypto,35,0
TX000214,2024-01-09 13:00,1340.05,ACH,AE,Corporate,Financial Services,88,0
TX000215,2024-05-10 15:00,66.97,Card,CN,SME,Gambling,48,0
TX000216,2024-05-13 21:00,225.02,SWIFT,CN,SME,Financial Services,90,0
TX000217,2024-03-24 02:00,716.58,Card,SG,Retail,Gambling,8,0
TX000218,2024-03-06 12:00,194.81,SWIFT,GB,SME,Financial Services,67,0
TX000219,2024-05-04 03:00,35.62,Wire,RU,SME,Retail,89,0
TX000220,2024-02-10 17:00,386.55,Card,CN,HNW,Retail,31,0
TX000221,2024-02-25 06:00,266.33,Wire,DE,HNW,Gambling,46,0
TX000222,2024-07-02 09:00,1678.13,Crypto,GB,SME,Gambling,2,0
TX000223,2024-03-05 21:00,217.5,Wire,AE,Retail,Gambling,3,0
TX000224,2024-03-12 16:00,113.19,SWIFT,DE,Retail,Real Estate,93,0
TX000225,2024-07-11 21:00,1212.83,ACH,RU,Retail,Financial Services,99,0
TX000226,2024-05-18 07:00,352.51,Card,KY,HNW,Real Estate,93,0
TX000227,2024-02-29 02:00,52.33,Wire,CN,HNW,Gambling,18,0
TX000228,2024-06-19 21:00,7000.32,ACH,GB,Corporate,Real Estate,86,0
TX000229,2024-05-14 22:00,210.85,Wire,GB,Corporate,Crypto,62,0
TX000230,2024-06-26 15:00,1335.84,Card,RU,SME,Real Estate,19,0
TX000231,2024-01-06 19:00,381.39,ACH,CN,SME,Retail,98,0
TX000232,2024-01-09 03:00,968.03,Card,GB,Retail,Gambling,8,0
TX000233,2024-02-25 12:00,1415.35,Card,CN,Corporate,Retail,98,0
TX000234,2024-01-13 18:00,141.36,Card,CN,Corporate,Crypto,53,0
TX000235,2024-02-08 06:00,140.4,ACH,CN,SME,Crypto,86,0
TX000236,2024-03-07 19:00,431.87,SWIFT,DE,HNW,Crypto,8,0
TX000237,2024-03-25 23:00,1900.19,ACH,GB,Retail,Real Estate,31,0
TX000238,2024-01-12 13:00,467.68,ACH,GB,Retail,Financial Services,17,0
TX000239,2024-06-20 07:00,72.07,Card,RU,Retail,Financial Services,1,0
TX000240,2024-01-09 12:00,2347.88,Wire,GB,SME,Crypto,63,0
TX000241,2024-03-22 10:00,158.66,SWIFT,CN,Retail,Crypto,30,0
TX000242,2024-06-22 07:00,2525.55,Card,GB,HNW,Crypto,9,0
TX000243,2024-07-04 11:00,631.76,Card,GB,HNW,Real Estate,66,0
TX000244,2024-05-25 14:00,1388.45,Crypto,GB,SME,Retail,9,0
TX000245,2024-07-13 21:00,407.52,Card,GB,HNW,Financial Services,76,0
TX000246,2024-06-03 15:00,366.38,Crypto,US,Corporate,Real Estate,51,0
TX000247,2024-03-13 05:00,74.24,SWIFT,US,Retail,Crypto,54,0
TX000248,2024-05-07 19:00,762.85,Wire,US,SME,Gambling,5,0
TX000249,2024-06-07 17:00,232.13,ACH,CN,SME,Gambling,18,0
TX000250,2024-05-28 19:00,269.7,Card,CN,Corporate,Crypto,86,0
TX000251,2024-06-17 05:00,343.48,SWIFT,DE,HNW,Crypto,71,0
TX000252,2024-02-10 22:00,1625.98,Wire,US,HNW,Financial Services,71,0
TX000253,2024-07-09 16:00,1174.18,ACH,SG,HNW,Financial Services,73,0
TX000254,2024-05-25 14:00,94.26,ACH,US,SME,Retail,35,0
TX000255,2024-01-13 02:00,240.76,Card,SG,Retail,Gambling,24,0
TX000256,2024-05-09 03:00,278.65,Crypto,AE,Corporate,Crypto,37,0
TX000257,2024-06-19 16:00,441.04,ACH,AE,HNW,Crypto,87,0
TX000258,2024-07-05 22:00,196.49,SWIFT,GB,Corporate,Gambling,91,0
TX000259,2024-01-06 16:00,784.97,ACH,SG,Retail,Crypto,14,0
TX000260,2024-03-14 12:00,240.14,ACH,RU,SME,Retail,55,0
TX000261,2024-07-15 12:00,6159.74,ACH,AE,SME,Financial Services,91,0
TX000262,2024-01-06 05:00,399.28,Card,GB,SME,Real Estate,55,0
TX000263,2024-03-10 22:00,55.7,ACH,GB,HNW,Gambling,6,0
TX000264,2024-03-15 17:00,240.83,Card,AE,Retail,Retail,12,0
TX000265,2024-05-17 01:00,318.78,Card,KY,HNW,Crypto,55,0
TX000266,2024-01-18 10:00,85.7,Card,SG,SME,Financial Services,30,0
TX000267,2024-01-21 03:00,298.64,Card,RU,Corporate,Retail,67,0
TX000268,2024-02-16 01:00,552.67,Crypto,CN,HNW,Retail,90,0
TX000269,2024-01-16 13:00,161.81,SWIFT,GB,Retail,Gambling,59,0
TX000270,2024-04-22 04:00,935.2,SWIFT,KY,Corporate,Retail,11,0
TX000271,2024-02-02 07:00,61.15,Wire,GB,Corporate,Financial Services,79,0
TX000272,2024-03-03 23:00,375.32,Card,GB,HNW,Gambling,2,0
TX000273,2024-07-03 16:00,779.16,SWIFT,KY,HNW,Retail,11,0
TX000274,2024-04-24 06:00,237.11,Card,CN,SME,Real Estate,2,0
TX000275,2024-03-18 19:00,1231.99,Card,AE,Corporate,Real Estate,100,0
TX000276,2024-06-20 02:00,865.69,ACH,AE,Corporate,Crypto,83,0
TX000277,2024-06-02 02:00,31458.34,Card,SG,Retail,Financial Services,44,0
TX000278,2024-03-07 02:00,558.34,Card,KY,Corporate,Retail,63,0
TX000279,2024-02-25 20:00,223.17,ACH,CN,HNW,Real Estate,61,0
TX000280,2024-06-29 21:00,544.55,Crypto,DE,HNW,Real Estate,2,0
TX000281,2024-05-25 10:00,457.16,Wire,AE,Corporate,Gambling,53,0
TX000282,2024-01-26 19:00,61.82,Card,AE,Retail,Gambling,45,0
TX000283,2024-01-14 02:00,126.15,Card,RU,SME,Gambling,74,0
TX000284,2024-01-07 17:00,178.33,Wire,RU,SME,Crypto,22,0
TX000285,2024-01-22 20:00,4977.59,Card,AE,Retail,Real Estate,3,0
TX000286,2024-03-15 10:00,46.01,ACH,CN,SME,Financial Services,89,0
TX000287,2024-04-23 18:00,150.61,Card,KY,HNW,Crypto,82,0
TX000288,2024-03-28 14:00,1148.48,Wire,DE,Corporate,Gambling,77,0
TX000289,2024-02-25 10:00,1180.11,Card,KY,Corporate,Retail,89,0
TX000290,2024-07-15 21:00,508.45,Wire,US,HNW,Financial Services,76,0
TX000291,2024-04-08 02:00,1239.02,SWIFT,DE,HNW,Retail,85,0
TX000292,2024-06-22 10:00,1555.82,Wire,CN,HNW,Financial Services,75,0
TX000293,2024-02-14 03:00,657.49,Card,AE,SME,Financial Services,49,0
TX000294,2024-03-08 14:00,300.68,Crypto,KY,HNW,Retail,37,0
TX000295,2024-01-09 20:00,2300.85,Card,KY,HNW,Real Estate,87,0
TX000296,2024-04-05 23:00,404.85,Card,KY,Retail,Retail,31,0
TX000297,2024-03-26 17:00,279.02,Wire,RU,HNW,Retail,68,0
TX000298,2024-01-04 04:00,4168.44,ACH,AE,Corporate,Real Estate,97,0
TX000299,2024-01-15 18:00,666.35,ACH,KY,Corporate,Crypto,57,0
TX000300,2024-03-27 18:00,4630.02,Wire,KY,Retail,Crypto,97,0
TX000301,2024-02-15 17:00,3640.92,Wire,KY,SME,Crypto,7,0
TX000302,2024-07-04 22:00,147.76,Wire,DE,Corporate,Gambling,33,0
TX000303,2024-07-08 05:00,256.02,Wire,US,HNW,Financial Services,84,0
TX000304,2024-07-02 20:00,100.46,Crypto,KY,HNW,Gambling,25,0
TX000305,2024-01-17 08:00,161.32,Card,GB,Corporate,Gambling,63,1
TX000306,2024-04-15 15:00,504.69,Card,GB,Retail,Gambling,77,0
TX000307,2024-03-25 12:00,58.87,SWIFT,DE,SME,Real Estate,1,0
TX000308,2024-07-15 20:00,488.18,Wire,US,Retail,Real Estate,4,0
TX000309,2024-04-08 14:00,136.24,Card,DE,HNW,Retail,44,0
TX000310,2024-02-07 08:00,301.69,Wire,CN,Retail,Real Estate,14,0
TX000311,2024-02-16 06:00,331.34,Wire,DE,Retail,Crypto,68,0
TX000312,2024-04-14 04:00,137.81,Wire,US,Corporate,Gambling,5,0
TX000313,2024-01-08 06:00,178.62,SWIFT,RU,HNW,Crypto,20,0
TX000314,2024-06-30 11:00,641.44,Card,KY,Retail,Crypto,80,0
TX000315,2024-03-28 08:00,185.03,Crypto,RU,SME,Financial Services,83,0
TX000316,2024-05-26 04:00,139.06,Wire,US,Corporate,Real Estate,35,0
TX000317,2024-06-04 12:00,116.1,SWIFT,US,HNW,Crypto,46,0
TX000318,2024-06-04 06:00,458.46,Card,CN,Retail,Retail,0,0
TX000319,2024-06-09 10:00,730.55,Card,US,Retail,Financial Services,91,0
TX000320,2024-05-03 05:00,12889.92,Crypto,SG,HNW,Gambling,71,0
TX000321,2024-03-21 23:00,1100.55,ACH,DE,SME,Crypto,78,0
TX000322,2024-06-24 01:00,131.31,Card,KY,HNW,Retail,47,0
TX000323,2024-01-10 04:00,240.86,ACH,AE,HNW,Retail,7,0
TX000324,2024-01-07 15:00,437.33,ACH,CN,Retail,Gambling,85,0
TX000325,2024-04-05 13:00,538.46,SWIFT,CN,HNW,Financial Services,99,0
TX000326,2024-04-18 14:00,127.44,SWIFT,AE,SME,Real Estate,34,0
TX000327,2024-02-03 11:00,854.15,Crypto,RU,Retail,Financial Services,77,0
TX000328,2024-03-12 12:00,23.17,Card,DE,Corporate,Crypto,72,0
TX000329,2024-06-03 07:00,1162.49,Card,CN,Corporate,Crypto,93,1
TX000330,2024-02-13 15:00,155.65,Wire,GB,SME,Crypto,42,0
TX000331,2024-06-03 01:00,241.61,ACH,SG,Retail,Retail,70,0
TX000332,2024-06-15 10:00,206.15,ACH,KY,Retail,Real Estate,22,0
TX000333,2024-03-18 09:00,1305.76,ACH,GB,Corporate,Crypto,58,0
TX000334,2024-03-23 01:00,407.72,Card,RU,SME,Crypto,70,0
TX000335,2024-02-13 19:00,3861.04,Card,SG,SME,Financial Services,8,0
TX000336,2024-01-25 07:00,394.16,Card,CN,Retail,Crypto,28,0
TX000337,2024-06-04 07:00,24.89,Card,SG,Corporate,Crypto,82,0
TX000338,2024-04-15 11:00,131.56,Card,RU,SME,Gambling,49,0
TX000339,2024-01-12 08:00,221.96,Crypto,DE,HNW,Real Estate,48,0
TX000340,2024-06-28 04:00,750.37,ACH,AE,SME,Retail,8,0
TX000341,2024-05-01 06:00,1077.85,Card,KY,HNW,Financial Services,24,1
TX000342,2024-04-17 02:00,472.99,Card,AE,HNW,Gambling,4,0
TX000343,2024-04-22 11:00,216.34,ACH,GB,SME,Gambling,80,0
TX000344,2024-05-22 20:00,318.48,Crypto,RU,HNW,Retail,97,0
TX000345,2024-01-10 15:00,122.55,Wire,SG,Corporate,Retail,18,0
TX000346,2024-02-11 09:00,148.19,Wire,RU,HNW,Retail,42,0
TX000347,2024-01-01 15:00,453.65,SWIFT,GB,HNW,Gambling,82,0
TX000348,2024-05-31 21:00,140.27,ACH,SG,Corporate,Retail,32,0
TX000349,2024-04-29 03:00,525.52,Card,AE,Retail,Crypto,83,0
TX000350,2024-02-10 15:00,21.28,SWIFT,KY,Retail,Gambling,21,0
TX000351,2024-01-24 00:00,377.28,Card,KY,HNW,Real Estate,99,0
TX000352,2024-04-26 00:00,360.06,Card,CN,SME,Crypto,5,0
TX000353,2024-05-24 11:00,3375.21,SWIFT,KY,HNW,Retail,10,0
TX000354,2024-04-04 03:00,247.61,Card,SG,HNW,Crypto,23,0
TX000355,2024-01-04 14:00,870.68,ACH,GB,SME,Crypto,48,0
TX000356,2024-07-15 02:00,860.62,Card,CN,Retail,Financial Services,12,0
TX000357,2024-03-08 02:00,4219.72,Crypto,GB,SME,Gambling,25,0
TX000358,2024-02-27 03:00,155.86,Wire,CN,SME,Retail,53,0
TX000359,2024-05-10 01:00,99.19,Card,SG,Corporate,Retail,76,0
TX000360,2024-04-16 02:00,290.13,Card,AE,SME,Financial Services,8,0
TX000361,2024-03-19 13:00,195.76,Crypto,RU,HNW,Retail,58,0
TX000362,2024-03-26 18:00,391.24,Card,US,Retail,Gambling,97,0
TX000363,2024-01-30 07:00,53.5,Wire,US,HNW,Retail,56,0
TX000364,2024-02-11 00:00,298.45,SWIFT,AE,Retail,Gambling,49,0
TX000365,2024-05-08 12:00,829.17,Card,US,Retail,Real Estate,60,0
TX000366,2024-01-02 18:00,72.84,Wire,AE,Retail,Gambling,55,1
TX000367,2024-02-27 23:00,167.19,ACH,GB,Corporate,Financial Services,93,0
TX000368,2024-05-30 22:00,430.19,Card,CN,SME,Retail,74,0
TX000369,2024-04-28 03:00,881.96,Card,GB,SME,Gambling,49,0
TX000370,2024-05-01 16:00,282.07,Crypto,KY,SME,Crypto,58,0
TX000371,2024-05-03 19:00,1511.72,Card,US,SME,Retail,26,0
TX000372,2024-01-11 21:00,186.01,ACH,RU,Retail,Financial Services,35,0
TX000373,2024-07-02 18:00,317.04,ACH,RU,HNW,Crypto,18,0
TX000374,2024-02-24 05:00,2106.57,Wire,US,Retail,Financial Services,7,0
TX000375,2024-07-11 15:00,35.47,ACH,KY,HNW,Financial Services,47,0
TX000376,2024-01-18 12:00,5040.71,Card,KY,SME,Financial Services,56,0
TX000377,2024-05-20 22:00,298.3,Card,KY,Corporate,Real Estate,17,0
TX000378,2024-01-06 21:00,3282.32,ACH,DE,HNW,Retail,43,0
TX000379,2024-03-30 21:00,453.33,Card,AE,Retail,Financial Services,58,0
TX000380,2024-06-02 19:00,530.49,SWIFT,CN,HNW,Retail,0,0
TX000381,2024-03-23 19:00,388.79,Wire,US,SME,Financial Services,81,0
TX000382,2024-01-03 17:00,221.67,Crypto,SG,HNW,Gambling,8,0
TX000383,2024-01-25 18:00,196.96,Wire,SG,HNW,Retail,43,0
TX000384,2024-06-24 06:00,514.95,Card,RU,Corporate,Gambling,43,0
TX000385,2024-05-14 19:00,131.4,Wire,CN,HNW,Real Estate,17,0
TX000386,2024-07-08 12:00,12752.17,Crypto,DE,Retail,Real Estate,56,0
TX000387,2024-02-04 12:00,3407.43,Card,AE,Corporate,Retail,94,0
TX000388,2024-03-07 03:00,163.81,ACH,CN,SME,Gambling,45,0
TX000389,2024-05-28 02:00,372.02,ACH,KY,Retail,Crypto,7,0
TX000390,2024-07-16 23:00,397.42,Wire,RU,Retail,Real Estate,0,0
TX000391,2024-06-22 03:00,253.36,Card,DE,Corporate,Real Estate,67,0
TX000392,2024-03-14 22:00,1530.23,ACH,CN,SME,Crypto,0,0
TX000393,2024-01-24 18:00,382.91,SWIFT,CN,Corporate,Gambling,34,0
TX000394,2024-02-26 00:00,393.8,Card,CN,HNW,Crypto,68,0
TX000395,2024-04-28 00:00,173.03,Card,KY,SME,Crypto,41,0
TX000396,2024-07-05 06:00,205.42,Crypto,GB,SME,Real Estate,63,0
TX000397,2024-04-04 06:00,102.48,Wire,CN,Retail,Gambling,5,0
TX000398,2024-04-20 07:00,860.08,Wire,RU,Retail,Crypto,56,0
TX000399,2024-07-08 08:00,346.43,Card,RU,Retail,Real Estate,70,0
TX000400,2024-03-02 22:00,353.28,Card,KY,Retail,Financial Services,36,0
TX000401,2024-01-23 16:00,846.65,Wire,GB,Retail,Financial Services,92,0
TX000402,2024-03-01 05:00,68.34,Card,US,SME,Crypto,60,0
TX000403,2024-06-04 15:00,5.3,Wire,RU,SME,Retail,76,0
TX000404,2024-06-01 04:00,570.68,Card,US,SME,Financial Services,23,0
TX000405,2024-07-05 06:00,242.03,Card,AE,Corporate,Financial Services,17,0
TX000406,2024-04-20 09:00,1476.27,ACH,GB,SME,Real Estate,72,0
TX000407,2024-04-03 14:00,381.26,Wire,SG,Corporate,Real Estate,56,0
TX000408,2024-02-01 18:00,1871.6,ACH,GB,SME,Retail,65,0
TX000409,2024-04-18 03:00,2547.8,Card,DE,HNW,Real Estate,74,0
TX000410,2024-05-26 20:00,446.98,Card,GB,SME,Real Estate,8,0
TX000411,2024-01-12 06:00,503.7,Crypto,KY,Corporate,Crypto,27,1
TX000412,2024-01-08 02:00,505.61,ACH,RU,HNW,Gambling,97,0
TX000413,2024-07-09 21:00,96.54,Wire,US,HNW,Retail,39,0
TX000414,2024-07-16 01:00,514.79,Wire,KY,SME,Financial Services,34,0
TX000415,2024-01-01 20:00,14323.18,ACH,CN,Retail,Financial Services,77,0
TX000416,2024-03-04 20:00,302.65,SWIFT,US,SME,Gambling,15,0
TX000417,2024-05-20 09:00,446.46,Card,DE,SME,Gambling,15,0
TX000418,2024-03-20 03:00,1651.68,Card,AE,Corporate,Crypto,78,0
TX000419,2024-02-28 21:00,217.15,Wire,GB,SME,Real Estate,91,0
TX000420,2024-06-13 21:00,731.69,Card,DE,HNW,Real Estate,59,0
TX000421,2024-05-14 06:00,231.64,Crypto,RU,HNW,Real Estate,96,0
TX000422,2024-03-14 09:00,244.5,ACH,DE,HNW,Crypto,64,0
TX000423,2024-03-27 19:00,103.15,Wire,CN,SME,Financial Services,94,0
TX000424,2024-06-11 21:00,557.8,Card,GB,Retail,Financial Services,61,0
TX000425,2024-05-03 23:00,87.98,Card,DE,Retail,Crypto,22,0
TX000426,2024-02-16 05:00,488.08,Card,AE,Retail,Real Estate,25,0
TX000427,2024-04-24 02:00,712.3,Wire,CN,HNW,Financial Services,36,0
TX000428,2024-01-30 19:00,475.88,Card,SG,HNW,Crypto,76,0
TX000429,2024-03-28 17:00,437.18,SWIFT,KY,Corporate,Gambling,36,0
TX000430,2024-04-23 07:00,173.33,Card,RU,Corporate,Real Estate,81,0
TX000431,2024-02-15 07:00,930.42,ACH,CN,HNW,Financial Services,91,0
TX000432,2024-05-07 21:00,628.2,Crypto,SG,Corporate,Financial Services,73,0
TX000433,2024-05-20 13:00,6015.32,ACH,GB,HNW,Retail,1,0
TX000434,2024-03-11 00:00,78.75,Crypto,CN,Retail,Retail,50,0
TX000435,2024-05-05 19:00,3920.29,Card,US,SME,Financial Services,47,0
TX000436,2024-07-03 03:00,289.15,Card,DE,Corporate,Financial Services,34,0
TX000437,2024-01-15 02:00,527.47,Card,SG,Retail,Crypto,1,0
TX000438,2024-05-30 08:00,329.07,Wire,GB,Retail,Retail,14,0
TX000439,2024-05-18 00:00,160.7,ACH,AE,HNW,Crypto,59,0
TX000440,2024-05-21 19:00,48.76,Wire,SG,SME,Retail,99,0
TX000441,2024-02-02 02:00,411.78,Card,RU,Retail,Gambling,55,0
TX000442,2024-07-06 21:00,255.35,Card,SG,HNW,Retail,51,0
TX000443,2024-03-24 22:00,323.11,SWIFT,SG,SME,Gambling,0,0
TX000444,2024-03-17 16:00,1563.31,Card,SG,Retail,Crypto,40,0
TX000445,2024-04-20 22:00,823.14,ACH,GB,Corporate,Financial Services,77,0
TX000446,2024-03-17 13:00,2755.74,ACH,DE,Retail,Financial Services,28,0
TX000447,2024-07-10 00:00,64.64,Card,US,Corporate,Crypto,5,0
TX000448,2024-04-29 02:00,360.72,Card,KY,Corporate,Real Estate,2,0
TX000449,2024-06-03 05:00,432.22,Wire,KY,HNW,Real Estate,100,0
TX000450,2024-04-27 13:00,809.16,ACH,SG,Corporate,Real Estate,46,0
TX000451,2024-01-22 22:00,2736.5,Card,GB,HNW,Crypto,81,0
TX000452,2024-05-20 13:00,613.29,Card,RU,Retail,Crypto,40,0
TX000453,2024-05-09 14:00,41.59,SWIFT,US,Corporate,Financial Services,86,0
TX000454,2024-06-15 09:00,35.42,Card,SG,HNW,Gambling,1,0
TX000455,2024-06-16 15:00,603.61,Wire,GB,HNW,Retail,83,0
TX000456,2024-01-18 09:00,155.95,Card,DE,Retail,Financial Services,28,0
TX000457,2024-07-08 09:00,255.09,Crypto,SG,Corporate,Financial Services,92,0
TX000458,2024-05-26 05:00,489.25,Wire,CN,Corporate,Retail,43,0
TX000459,2024-02-22 16:00,2883.35,Card,RU,Corporate,Crypto,59,0
TX000460,2024-05-21 18:00,196.02,Wire,SG,Retail,Real Estate,58,0
TX000461,2024-04-13 04:00,818.82,Card,CN,SME,Crypto,55,0
TX000462,2024-02-15 02:00,743.69,Card,SG,SME,Gambling,38,0
TX000463,2024-02-11 05:00,315.58,ACH,CN,HNW,Crypto,54,0
TX000464,2024-02-22 03:00,7201.03,SWIFT,AE,Corporate,Crypto,75,0
TX000465,2024-01-08 11:00,516.77,Card,AE,Retail,Financial Services,1,0
TX000466,2024-01-14 20:00,111.24,Wire,AE,SME,Gambling,67,0
TX000467,2024-03-26 11:00,265.27,ACH,GB,HNW,Financial Services,88,0
TX000468,2024-01-24 19:00,236.39,Card,GB,HNW,Retail,86,0
TX000469,2024-07-13 05:00,375.12,ACH,DE,HNW,Financial Services,100,0
TX000470,2024-06-25 16:00,222.78,ACH,US,Corporate,Crypto,13,0
TX000471,2024-05-15 17:00,7197.61,Card,RU,Corporate,Real Estate,17,0
TX000472,2024-06-02 04:00,379.75,ACH,AE,Retail,Retail,37,0
TX000473,2024-07-14 12:00,377.92,ACH,RU,HNW,Financial Services,59,1
TX000474,2024-01-16 22:00,2570.51,Crypto,GB,Corporate,Real Estate,80,0
TX000475,2024-06-16 10:00,284.93,SWIFT,AE,Corporate,Crypto,67,0
TX000476,2024-06-29 07:00,1683.14,Crypto,CN,Corporate,Financial Services,50,0
TX000477,2024-04-25 00:00,671.12,SWIFT,DE,Retail,Real Estate,78,0
TX000478,2024-01-21 21:00,984.2,Wire,DE,HNW,Crypto,63,0
TX000479,2024-01-10 19:00,869.93,Crypto,AE,Retail,Crypto,65,0
TX000480,2024-02-23 05:00,334.47,SWIFT,CN,Retail,Retail,85,0
TX000481,2024-07-05 21:00,294.55,Crypto,AE,HNW,Retail,36,0
TX000482,2024-07-10 21:00,519.89,ACH,DE,Retail,Real Estate,23,0
TX000483,2024-01-20 11:00,1303.73,ACH,SG,Corporate,Retail,87,0
TX000484,2024-02-28 08:00,5202.79,Card,AE,Retail,Crypto,40,0
TX000485,2024-01-10 23:00,23.49,ACH,RU,SME,Retail,58,0
TX000486,2024-03-06 03:00,473.89,ACH,AE,Corporate,Retail,59,0
TX000487,2024-02-15 20:00,1999.86,Card,DE,HNW,Financial Services,63,0
TX000488,2024-03-29 00:00,174.05,Crypto,KY,SME,Financial Services,27,0
TX000489,2024-04-02 23:00,241.57,Crypto,DE,Retail,Gambling,59,0
TX000490,2024-05-02 06:00,635.63,Card,KY,Retail,Real Estate,78,0
TX000491,2024-05-18 02:00,387.43,Wire,DE,SME,Real Estate,19,0
TX000492,2024-03-08 11:00,2.71,Crypto,KY,Corporate,Gambling,47,0
TX000493,2024-02-22 19:00,411.87,ACH,RU,HNW,Gambling,0,0
TX000494,2024-06-09 04:00,147.38,Wire,SG,Corporate,Gambling,47,0
TX000495,2024-01-14 07:00,2270.51,ACH,AE,Retail,Gambling,60,0
TX000496,2024-03-13 00:00,38.13,ACH,GB,Corporate,Crypto,80,0
TX000497,2024-05-15 11:00,433.53,ACH,DE,SME,Real Estate,10,0
TX000498,2024-04-12 09:00,1456.39,Card,GB,Retail,Retail,13,0
TX000499,2024-04-17 07:00,101.03,Card,DE,HNW,Crypto,71,0
TX000500,2024-04-05 00:00,1395.78,Wire,SG,HNW,Retail,75,0
TX000501,2024-02-20 12:00,367.23,Card,GB,HNW,Crypto,50,0
TX000502,2024-05-17 18:00,86.75,Card,US,Corporate,Real Estate,57,0
TX000503,2024-04-12 09:00,709.38,ACH,GB,Corporate,Crypto,78,0
TX000504,2024-02-15 17:00,91.71,Card,US,SME,Crypto,76,0
TX000505,2024-06-26 04:00,1103.2,Card,RU,SME,Financial Services,30,0
TX000506,2024-03-06 01:00,163.77,ACH,DE,HNW,Crypto,57,0
TX000507,2024-06-08 18:00,67.52,Card,RU,Retail,Crypto,61,1
TX000508,2024-04-24 19:00,382.53,Crypto,KY,Corporate,Financial Services,45,0
TX000509,2024-03-28 03:00,113.21,Card,DE,Corporate,Financial Services,14,0
TX000510,2024-01-08 08:00,316.4,Wire,GB,HNW,Financial Services,94,1
TX000511,2024-05-01 19:00,346.08,Card,KY,SME,Retail,64,0
TX000512,2024-02-26 22:00,222.99,Card,DE,Corporate,Financial Services,87,0
TX000513,2024-03-29 03:00,1953.93,Card,AE,SME,Real Estate,80,0
TX000514,2024-06-26 13:00,126.89,Crypto,KY,Retail,Crypto,48,0
TX000515,2024-07-18 07:00,3169.84,Wire,KY,Retail,Retail,7,0
TX000516,2024-06-06 00:00,897.13,Card,DE,SME,Real Estate,12,0
TX000517,2024-03-19 23:00,142.58,ACH,RU,Retail,Crypto,36,0
TX000518,2024-05-26 19:00,253.56,Wire,AE,SME,Retail,65,0
TX000519,2024-03-10 11:00,484.38,SWIFT,DE,Corporate,Real Estate,7,0
TX000520,2024-06-12 04:00,150.22,Card,GB,HNW,Retail,11,0
TX000521,2024-02-16 13:00,3774.8,Card,US,Retail,Real Estate,16,0
TX000522,2024-06-27 11:00,24.43,SWIFT,DE,SME,Crypto,56,0
TX000523,2024-05-23 07:00,708.01,Card,GB,HNW,Crypto,66,0
TX000524,2024-01-29 22:00,696.84,ACH,DE,Retail,Real Estate,67,0
TX000525,2024-03-13 14:00,446.65,SWIFT,SG,HNW,Gambling,64,0
TX000526,2024-07-07 11:00,210.76,ACH,KY,Corporate,Crypto,74,0
TX000527,2024-04-14 14:00,696.83,Card,RU,Retail,Gambling,3,0
TX000528,2024-02-20 11:00,481.81,Card,RU,SME,Crypto,87,0
TX000529,2024-01-03 04:00,513.39,Wire,GB,Retail,Retail,3,0
TX000530,2024-02-16 13:00,228.18,ACH,US,SME,Financial Services,40,0
TX000531,2024-06-04 10:00,86.33,Card,KY,Retail,Crypto,91,0
TX000532,2024-07-15 11:00,841.51,Card,SG,Retail,Financial Services,35,0
TX000533,2024-06-10 16:00,523.79,Card,RU,Retail,Gambling,40,0
TX000534,2024-05-18 15:00,381.65,SWIFT,US,Corporate,Real Estate,31,0
TX000535,2024-03-30 23:00,265.26,Card,US,Corporate,Financial Services,16,0
TX000536,2024-03-08 09:00,1769.01,Crypto,DE,Corporate,Real Estate,43,0
TX000537,2024-04-14 14:00,739.39,SWIFT,DE,HNW,Real Estate,25,0
TX000538,2024-06-20 11:00,399.47,Crypto,SG,HNW,Gambling,46,0
TX000539,2024-01-18 18:00,124.44,Wire,GB,HNW,Gambling,91,0
TX000540,2024-05-26 14:00,89.81,Card,CN,Retail,Financial Services,24,0
TX000541,2024-01-14 09:00,1166.04,Card,KY,HNW,Financial Services,94,0
TX000542,2024-07-04 13:00,284.85,Wire,DE,Corporate,Retail,10,0
TX000543,2024-06-05 15:00,155.68,Card,US,SME,Financial Services,40,0
TX000544,2024-01-22 13:00,1053.07,SWIFT,RU,Retail,Gambling,86,0
TX000545,2024-03-31 23:00,547.21,Card,SG,Corporate,Retail,49,0
TX000546,2024-03-10 06:00,364.79,ACH,RU,Corporate,Retail,50,0
TX000547,2024-06-13 11:00,626.93,Wire,CN,Retail,Crypto,76,0
TX000548,2024-06-16 11:00,10450.35,Wire,KY,Retail,Crypto,47,0
TX000549,2024-07-18 14:00,1165.23,Crypto,DE,HNW,Crypto,93,0
TX000550,2024-06-16 00:00,78.14,Crypto,SG,HNW,Real Estate,91,0
TX000551,2024-06-27 03:00,366.46,Card,RU,HNW,Crypto,88,0
TX000552,2024-05-06 03:00,2249.42,Crypto,KY,Corporate,Crypto,98,0
TX000553,2024-01-05 16:00,364.39,ACH,GB,SME,Real Estate,9,0
TX000554,2024-01-02 07:00,146.15,SWIFT,US,SME,Financial Services,83,0
TX000555,2024-07-18 16:00,1243.59,ACH,CN,Retail,Real Estate,100,0
TX000556,2024-01-09 13:00,351.69,Card,RU,Corporate,Financial Services,53,0
TX000557,2024-02-27 22:00,349.96,Wire,GB,Retail,Retail,40,0
TX000558,2024-02-22 06:00,560.75,SWIFT,US,Retail,Gambling,51,0
TX000559,2024-07-10 23:00,332.59,Card,AE,Retail,Gambling,20,0
TX000560,2024-06-30 23:00,962.03,SWIFT,CN,SME,Crypto,84,0
TX000561,2024-02-10 15:00,1286.44,SWIFT,US,Retail,Financial Services,89,0
TX000562,2024-04-19 02:00,326.0,Card,GB,HNW,Real Estate,78,0
TX000563,2024-01-15 00:00,94.48,Wire,SG,Corporate,Retail,71,0
TX000564,2024-05-06 10:00,15.2,Wire,US,Corporate,Financial Services,14,0
TX000565,2024-01-31 07:00,42.5,Card,SG,Retail,Retail,60,0
TX000566,2024-06-20 14:00,148.17,Card,AE,Retail,Financial Services,24,0
TX000567,2024-01-04 08:00,629.52,Card,CN,SME,Financial Services,64,0
TX000568,2024-05-24 16:00,1110.82,Card,KY,HNW,Retail,32,0
TX000569,2024-05-05 08:00,17.01,ACH,DE,HNW,Crypto,58,0
TX000570,2024-01-22 15:00,268.79,Card,CN,Retail,Crypto,43,0
TX000571,2024-06-23 20:00,428.4,Card,SG,HNW,Real Estate,0,0
TX000572,2024-05-06 17:00,106.15,Card,CN,SME,Retail,75,0
TX000573,2024-02-20 22:00,211.57,Card,US,HNW,Financial Services,63,0
TX000574,2024-05-27 04:00,904.49,Crypto,AE,Retail,Gambling,70,0
TX000575,2024-05-21 20:00,208.21,Card,US,Corporate,Real Estate,65,0
TX000576,2024-02-12 02:00,188.2,Card,CN,Corporate,Gambling,98,0
TX000577,2024-02-15 21:00,396.04,Card,SG,Corporate,Gambling,32,0
TX000578,2024-04-09 02:00,1703.3,Wire,RU,Corporate,Retail,21,0
TX000579,2024-03-05 04:00,130.67,SWIFT,US,SME,Financial Services,50,0
TX000580,2024-06-15 02:00,28.5,Crypto,GB,SME,Crypto,86,0
TX000581,2024-03-29 09:00,65.07,Card,DE,Corporate,Financial Services,90,0
TX000582,2024-05-08 15:00,219.81,Card,GB,Corporate,Retail,87,0
TX000583,2024-06-07 09:00,406.34,Card,CN,SME,Gambling,59,0
TX000584,2024-06-21 14:00,235.72,ACH,RU,Retail,Real Estate,8,0
TX000585,2024-03-03 10:00,1442.01,SWIFT,AE,Corporate,Gambling,28,0
TX000586,2024-03-07 05:00,211.08,Card,RU,Retail,Financial Services,60,0
TX000587,2024-03-30 16:00,162.93,Wire,GB,Corporate,Gambling,53,0
TX000588,2024-02-14 06:00,961.31,Crypto,US,SME,Retail,55,0
TX000589,2024-05-18 18:00,13647.47,Crypto,GB,Corporate,Retail,85,0
TX000590,2024-05-30 14:00,366.97,Wire,SG,SME,Retail,63,0
TX000591,2024-03-11 04:00,207.71,Card,GB,HNW,Financial Services,1,0
TX000592,2024-03-01 07:00,403.2,Card,SG,Corporate,Real Estate,13,0
TX000593,2024-07-13 06:00,656.85,Wire,KY,HNW,Financial Services,34,0
TX000594,2024-07-14 17:00,156.19,Wire,US,Corporate,Real Estate,58,0
TX000595,2024-04-08 15:00,44.33,ACH,CN,HNW,Crypto,11,0
TX000596,2024-05-26 23:00,572.14,Card,AE,SME,Financial Services,72,0
TX000597,2024-01-04 20:00,233.43,Card,DE,SME,Real Estate,90,1
TX000598,2024-01-17 04:00,2668.21,Card,SG,HNW,Real Estate,98,0
TX000599,2024-06-01 23:00,1126.97,SWIFT,RU,Retail,Gambling,99,0
TX000600,2024-06-12 21:00,54.84,Card,SG,HNW,Retail,43,0
TX000601,2024-02-24 08:00,118.87,SWIFT,CN,Corporate,Real Estate,6,0
TX000602,2024-05-16 11:00,391.93,SWIFT,RU,Retail,Gambling,46,0
TX000603,2024-06-18 12:00,230.4,Card,RU,HNW,Retail,38,0
TX000604,2024-05-16 01:00,17.23,Wire,KY,HNW,Gambling,65,0
TX000605,2024-03-11 16:00,520.01,SWIFT,RU,Retail,Real Estate,28,0
TX000606,2024-05-02 19:00,285.89,Crypto,SG,Retail,Gambling,2,0
TX000607,2024-01-03 23:00,1867.2,ACH,CN,SME,Retail,51,0
TX000608,2024-02-07 18:00,36.06,ACH,US,SME,Crypto,41,0
TX000609,2024-01-04 12:00,475.77,Wire,RU,SME,Retail,97,0
TX000610,2024-01-30 22:00,49.02,Wire,SG,HNW,Financial Services,19,0
TX000611,2024-06-08 11:00,409.36,Card,AE,SME,Financial Services,69,0
TX000612,2024-06-08 03:00,174.03,Card,US,HNW,Crypto,87,0
TX000613,2024-03-21 21:00,89.71,Card,KY,SME,Crypto,77,0
TX000614,2024-05-27 23:00,1406.21,ACH,SG,HNW,Financial Services,48,0
TX000615,2024-01-10 19:00,307.3,SWIFT,US,Corporate,Retail,87,0
TX000616,2024-04-01 10:00,94.03,Card,US,SME,Real Estate,92,0
TX000617,2024-01-26 08:00,346.79,SWIFT,RU,Corporate,Gambling,25,0
TX000618,2024-07-04 14:00,406.87,Card,SG,SME,Financial Services,11,0
TX000619,2024-06-05 23:00,66.23,ACH,DE,Corporate,Financial Services,89,0
TX000620,2024-06-27 06:00,410.37,Card,GB,Retail,Real Estate,52,0
TX000621,2024-02-12 14:00,158.02,SWIFT,RU,SME,Financial Services,99,0
TX000622,2024-01-08 22:00,99.94,Wire,DE,Retail,Real Estate,51,0
TX000623,2024-06-12 19:00,3465.97,Wire,AE,SME,Real Estate,34,0
TX000624,2024-04-02 14:00,1135.29,Wire,DE,HNW,Financial Services,29,0
TX000625,2024-03-25 11:00,781.8,SWIFT,SG,SME,Gambling,79,0
TX000626,2024-06-17 20:00,47.37,Card,US,HNW,Gambling,2,0
TX000627,2024-07-16 08:00,144.35,Card,KY,Retail,Crypto,68,0
TX000628,2024-03-21 22:00,170.17,Crypto,DE,Corporate,Real Estate,32,0
TX000629,2024-02-10 20:00,626.28,Card,CN,Retail,Financial Services,72,0
TX000630,2024-04-23 19:00,174.08,Card,CN,SME,Crypto,67,0
TX000631,2024-01-30 23:00,237.16,Card,US,Corporate,Gambling,46,0
TX000632,2024-03-26 02:00,761.03,Card,CN,HNW,Financial Services,6,0
TX000633,2024-07-09 07:00,479.86,ACH,CN,Retail,Financial Services,2,0
TX000634,2024-01-11 04:00,424.46,Card,KY,HNW,Crypto,32,0
TX000635,2024-01-16 01:00,113.71,ACH,KY,Corporate,Gambling,32,0
TX000636,2024-07-19 04:00,96.74,Wire,AE,Corporate,Gambling,65,0
TX000637,2024-05-08 15:00,1131.58,ACH,SG,SME,Crypto,21,0
TX000638,2024-01-23 13:00,829.16,Card,KY,HNW,Crypto,9,0
TX000639,2024-03-09 18:00,1163.37,Card,AE,SME,Crypto,85,0
TX000640,2024-02-08 07:00,933.08,ACH,GB,Corporate,Real Estate,22,0
TX000641,2024-02-20 21:00,316.08,Wire,RU,Corporate,Retail,59,0
TX000642,2024-02-09 00:00,174.03,ACH,RU,HNW,Gambling,49,0
TX000643,2024-05-25 04:00,298.52,Crypto,GB,HNW,Retail,51,0
TX000644,2024-05-17 06:00,76.37,ACH,KY,Retail,Crypto,0,0
TX000645,2024-05-27 01:00,454.1,ACH,US,Corporate,Retail,7,0
TX000646,2024-05-14 08:00,882.71,SWIFT,US,HNW,Gambling,26,0
TX000647,2024-05-07 06:00,52.84,Card,GB,Retail,Financial Services,97,0
TX000648,2024-06-29 14:00,750.16,Crypto,AE,SME,Real Estate,59,0
TX000649,2024-02-11 11:00,8714.83,Card,US,HNW,Financial Services,98,0
TX000650,2024-07-11 14:00,592.2,Card,DE,Retail,Gambling,23,0
TX000651,2024-01-01 20:00,15617.68,SWIFT,CN,Corporate,Financial Services,20,0
TX000652,2024-06-23 15:00,340.63,Card,US,Corporate,Crypto,66,0
TX000653,2024-01-20 21:00,425.51,ACH,GB,HNW,Gambling,9,0
TX000654,2024-02-22 21:00,34.36,Wire,KY,HNW,Gambling,91,0
TX000655,2024-02-02 03:00,246.89,Card,KY,Retail,Gambling,26,0
TX000656,2024-05-20 05:00,2661.09,Crypto,SG,HNW,Crypto,41,0
TX000657,2024-01-25 14:00,1651.77,Wire,SG,SME,Financial Services,40,0
TX000658,2024-05-01 11:00,201.9,Card,RU,HNW,Gambling,9,0
TX000659,2024-05-20 07:00,22.88,Card,DE,SME,Real Estate,27,0
TX000660,2024-04-10 22:00,158.42,ACH,RU,Retail,Financial Services,27,0
TX000661,2024-01-05 03:00,3192.46,Card,CN,HNW,Real Estate,85,0
TX000662,2024-06-09 20:00,2302.67,ACH,US,SME,Gambling,90,1
TX000663,2024-01-29 02:00,250.33,Card,US,SME,Retail,46,0
TX000664,2024-01-21 08:00,747.56,Wire,US,Retail,Gambling,5,0
TX000665,2024-02-26 14:00,7220.42,ACH,GB,Retail,Retail,65,0
TX000666,2024-03-02 11:00,1870.15,SWIFT,DE,SME,Financial Services,8,0
TX000667,2024-04-01 11:00,684.55,ACH,RU,Corporate,Real Estate,23,0
TX000668,2024-07-19 01:00,1147.34,Card,AE,HNW,Crypto,66,0
TX000669,2024-06-15 18:00,3332.29,Card,RU,Retail,Crypto,46,0
TX000670,2024-07-10 07:00,51.21,Crypto,SG,HNW,Real Estate,36,0
TX000671,2024-07-03 12:00,544.84,Wire,DE,HNW,Financial Services,100,0
TX000672,2024-01-06 05:00,63.45,ACH,SG,Retail,Crypto,26,0
TX000673,2024-04-10 00:00,321.69,SWIFT,DE,SME,Gambling,16,0
TX000674,2024-04-30 04:00,1265.7,Card,US,HNW,Gambling,67,0
TX000675,2024-01-18 23:00,2063.07,Card,DE,Corporate,Retail,49,0
TX000676,2024-01-12 08:00,161.0,Card,RU,Retail,Gambling,22,0
TX000677,2024-05-03 06:00,329.42,Wire,US,Retail,Financial Services,89,0
TX000678,2024-02-20 23:00,658.21,Card,SG,HNW,Gambling,57,0
TX000679,2024-03-02 21:00,2464.61,ACH,AE,SME,Gambling,16,0
TX000680,2024-05-10 09:00,629.21,ACH,GB,Retail,Retail,61,0
TX000681,2024-01-29 19:00,338.88,SWIFT,GB,SME,Financial Services,23,0
TX000682,2024-07-09 03:00,1296.89,SWIFT,GB,Corporate,Retail,60,0
TX000683,2024-07-14 19:00,212.47,Card,SG,Retail,Gambling,60,0
TX000684,2024-06-19 03:00,1066.1,Card,US,HNW,Financial Services,99,0
TX000685,2024-07-05 10:00,999.19,Crypto,US,SME,Crypto,24,0
TX000686,2024-03-22 17:00,215.66,Card,CN,Retail,Gambling,90,0
TX000687,2024-07-18 09:00,1284.35,Wire,SG,Retail,Retail,1,0
TX000688,2024-06-11 19:00,303.12,Card,DE,Corporate,Crypto,66,0
TX000689,2024-03-01 11:00,176.44,Crypto,RU,SME,Crypto,94,0
TX000690,2024-05-22 07:00,243.29,SWIFT,GB,SME,Real Estate,5,0
TX000691,2024-02-29 16:00,1501.9,Card,RU,Retail,Crypto,94,0
TX000692,2024-06-26 03:00,1621.21,Card,US,SME,Gambling,42,0
TX000693,2024-05-08 05:00,626.63,Card,GB,Corporate,Gambling,25,0
TX000694,2024-04-14 22:00,148.74,Card,AE,HNW,Gambling,50,0
TX000695,2024-05-02 18:00,1844.41,Card,US,Retail,Financial Services,28,0
TX000696,2024-03-30 10:00,107.12,Card,GB,HNW,Real Estate,32,0
TX000697,2024-02-25 12:00,272.59,Crypto,RU,SME,Financial Services,52,0
TX000698,2024-05-03 16:00,3936.46,Wire,SG,Corporate,Financial Services,2,0
TX000699,2024-06-26 19:00,31.76,Crypto,US,HNW,Gambling,25,1
TX000700,2024-06-19 13:00,6302.11,ACH,KY,SME,Retail,60,0
TX000701,2024-03-08 02:00,315.22,ACH,SG,HNW,Financial Services,92,0
TX000702,2024-06-03 00:00,66.97,Card,SG,HNW,Real Estate,44,0
TX000703,2024-01-05 16:00,747.54,Wire,GB,Retail,Crypto,64,0
TX000704,2024-05-01 13:00,1119.12,SWIFT,CN,Corporate,Financial Services,33,0
TX000705,2024-05-14 18:00,118.19,Card,AE,Retail,Financial Services,84,0
TX000706,2024-07-03 05:00,129.46,Card,SG,HNW,Retail,51,0
TX000707,2024-03-25 15:00,35.88,Wire,AE,Retail,Retail,65,0
TX000708,2024-06-26 17:00,2499.96,ACH,DE,HNW,Gambling,6,0
TX000709,2024-04-13 18:00,132.63,Card,KY,Corporate,Gambling,35,0
TX000710,2024-02-01 03:00,438.94,Card,US,HNW,Retail,34,0
TX000711,2024-01-27 22:00,351.77,Card,RU,Retail,Gambling,7,0
TX000712,2024-03-13 15:00,584.44,Card,DE,Retail,Retail,12,0
TX000713,2024-04-06 21:00,62.59,Card,RU,SME,Crypto,71,0
TX000714,2024-05-21 16:00,50.83,Card,AE,Corporate,Financial Services,17,0
TX000715,2024-04-27 07:00,1128.86,Card,KY,Corporate,Gambling,56,0
TX000716,2024-06-23 00:00,5698.17,Card,CN,HNW,Gambling,13,0
TX000717,2024-05-16 23:00,4949.48,ACH,US,HNW,Real Estate,44,0
TX000718,2024-04-08 17:00,999.81,SWIFT,US,SME,Crypto,8,0
TX000719,2024-01-24 05:00,1066.01,Wire,SG,HNW,Financial Services,99,0
TX000720,2024-06-09 02:00,257.4,Wire,DE,SME,Real Estate,95,0
TX000721,2024-05-26 16:00,191.89,ACH,AE,SME,Gambling,79,0
TX000722,2024-05-23 20:00,384.8,Card,RU,Retail,Crypto,93,0
TX000723,2024-06-09 03:00,115.37,Card,AE,SME,Retail,60,0
TX000724,2024-05-29 04:00,627.1,Wire,GB,Corporate,Retail,7,0
TX000725,2024-07-16 14:00,989.07,ACH,AE,Corporate,Financial Services,97,0
TX000726,2024-01-13 06:00,70.0,Card,DE,SME,Financial Services,1,0
TX000727,2024-02-17 14:00,163.26,Card,SG,HNW,Real Estate,46,0
TX000728,2024-06-25 14:00,521.79,Card,GB,HNW,Retail,96,0
TX000729,2024-01-29 12:00,397.61,Wire,CN,SME,Real Estate,59,0
TX000730,2024-02-09 08:00,8436.57,Card,SG,HNW,Crypto,8,0
TX000731,2024-07-09 02:00,916.05,Card,US,HNW,Crypto,57,0
TX000732,2024-04-28 15:00,60.5,Card,US,Retail,Crypto,72,0
TX000733,2024-04-28 11:00,2261.87,Wire,CN,HNW,Crypto,26,0
TX000734,2024-04-21 00:00,351.04,Crypto,RU,Retail,Crypto,33,0
TX000735,2024-07-04 02:00,152.0,Wire,CN,HNW,Retail,59,0
TX000736,2024-04-13 02:00,1261.46,Wire,GB,SME,Financial Services,36,0
TX000737,2024-03-05 04:00,459.63,Wire,GB,Retail,Financial Services,57,0
TX000738,2024-02-26 21:00,1320.74,Card,CN,HNW,Financial Services,6,0
TX000739,2024-03-06 10:00,1978.87,Card,RU,HNW,Real Estate,100,0
TX000740,2024-07-13 16:00,113.81,SWIFT,KY,Retail,Retail,24,0
TX000741,2024-05-01 21:00,11.76,Crypto,DE,Retail,Gambling,0,0
TX000742,2024-02-21 14:00,518.01,Card,RU,HNW,Crypto,33,0
TX000743,2024-05-29 14:00,1050.36,SWIFT,CN,Corporate,Financial Services,87,0
TX000744,2024-03-20 19:00,520.55,SWIFT,GB,HNW,Real Estate,96,0
TX000745,2024-01-04 18:00,559.29,ACH,US,SME,Real Estate,34,0
TX000746,2024-02-27 02:00,305.44,ACH,SG,Corporate,Retail,69,0
TX000747,2024-03-24 21:00,177.58,Card,GB,Retail,Retail,17,0
TX000748,2024-07-04 21:00,3533.52,ACH,KY,SME,Crypto,65,0
TX000749,2024-04-28 07:00,429.0,Crypto,RU,Corporate,Financial Services,59,0
TX000750,2024-06-02 14:00,188.82,Wire,CN,HNW,Gambling,46,0
TX000751,2024-07-07 23:00,722.87,Card,CN,Retail,Financial Services,100,0
TX000752,2024-04-15 18:00,1784.97,Card,AE,Corporate,Gambling,23,0
TX000753,2024-06-10 04:00,1298.92,Card,RU,Corporate,Retail,63,0
TX000754,2024-02-29 12:00,385.04,Card,US,Retail,Retail,75,0
TX000755,2024-07-16 09:00,189.01,SWIFT,GB,SME,Real Estate,20,0
TX000756,2024-03-26 17:00,397.96,ACH,US,Corporate,Crypto,27,0
TX000757,2024-07-19 07:00,1013.63,Card,RU,HNW,Gambling,13,0
TX000758,2024-05-31 13:00,623.46,ACH,CN,Retail,Gambling,22,0
TX000759,2024-04-11 15:00,1364.43,Card,RU,Corporate,Financial Services,23,0
TX000760,2024-05-31 08:00,222.18,Card,DE,Corporate,Gambling,86,0
TX000761,2024-02-03 08:00,1290.43,Wire,KY,HNW,Financial Services,62,0
TX000762,2024-07-08 03:00,308.01,Wire,RU,Retail,Real Estate,20,0
TX000763,2024-07-15 11:00,416.61,Card,CN,Corporate,Crypto,99,0
TX000764,2024-01-03 08:00,478.79,Wire,CN,HNW,Retail,61,0
TX000765,2024-01-17 20:00,89.69,ACH,KY,Corporate,Financial Services,94,0
TX000766,2024-04-18 07:00,41.48,Card,AE,Corporate,Gambling,30,0
TX000767,2024-05-21 10:00,127.7,Crypto,DE,SME,Financial Services,64,0
TX000768,2024-03-24 13:00,275.09,Crypto,CN,Corporate,Financial Services,37,0
TX000769,2024-06-25 04:00,330.53,Wire,DE,Retail,Crypto,81,0
TX000770,2024-06-25 09:00,1319.31,Wire,CN,SME,Retail,64,0
TX000771,2024-04-27 07:00,1096.45,Card,DE,Corporate,Retail,70,0
TX000772,2024-02-02 10:00,44.6,Wire,KY,SME,Retail,18,0
TX000773,2024-06-20 02:00,407.55,Card,US,Retail,Gambling,24,0
TX000774,2024-03-13 18:00,182.88,SWIFT,KY,SME,Crypto,16,0
TX000775,2024-01-31 10:00,411.27,Card,SG,SME,Real Estate,76,0
TX000776,2024-01-15 04:00,150.79,Wire,CN,Corporate,Financial Services,70,0
TX000777,2024-04-19 13:00,466.86,Card,RU,Corporate,Retail,94,0
TX000778,2024-06-17 22:00,237.0,ACH,CN,HNW,Gambling,99,0
TX000779,2024-02-23 10:00,462.65,Crypto,CN,HNW,Crypto,51,0
TX000780,2024-02-02 06:00,424.74,Crypto,KY,Corporate,Crypto,98,0
TX000781,2024-05-28 02:00,93.83,ACH,CN,HNW,Crypto,63,0
TX000782,2024-04-25 09:00,132.43,Card,DE,HNW,Real Estate,1,0
TX000783,2024-04-02 11:00,507.28,SWIFT,SG,HNW,Retail,3,0
TX000784,2024-03-17 11:00,1356.99,Card,DE,HNW,Real Estate,0,0
TX000785,2024-01-06 14:00,372.11,Card,RU,HNW,Crypto,43,0
TX000786,2024-01-25 12:00,67.18,ACH,CN,Corporate,Real Estate,19,0
TX000787,2024-05-01 06:00,303.13,Crypto,AE,SME,Real Estate,46,0
TX000788,2024-05-14 10:00,1637.75,ACH,AE,SME,Gambling,91,0
TX000789,2024-06-29 06:00,143.32,Card,DE,Retail,Financial Services,82,0
TX000790,2024-05-23 19:00,2167.87,Card,DE,SME,Financial Services,68,0
TX000791,2024-07-15 04:00,145.13,Card,AE,SME,Crypto,98,0
TX000792,2024-05-17 00:00,1909.2,Wire,CN,HNW,Crypto,88,0
TX000793,2024-05-02 05:00,549.27,Card,GB,Corporate,Crypto,43,0
TX000794,2024-05-06 05:00,1866.42,Card,GB,Corporate,Financial Services,16,0
TX000795,2024-06-23 13:00,127.94,Wire,GB,SME,Financial Services,53,0
TX000796,2024-06-16 15:00,1878.34,Card,CN,Corporate,Financial Services,70,0
TX000797,2024-01-27 02:00,627.57,Card,CN,Retail,Crypto,88,0
TX000798,2024-07-09 21:00,2073.75,Card,RU,Corporate,Financial Services,70,0
TX000799,2024-03-10 05:00,357.47,ACH,US,SME,Crypto,99,0
TX000800,2024-02-11 17:00,1005.38,Card,GB,Corporate,Crypto,9,0
TX000801,2024-06-28 13:00,216.19,Card,KY,HNW,Real Estate,31,0
TX000802,2024-04-25 17:00,575.72,SWIFT,US,Retail,Real Estate,91,0
TX000803,2024-06-10 21:00,360.47,ACH,KY,SME,Retail,30,0
TX000804,2024-01-27 04:00,930.68,Card,RU,Retail,Retail,60,0
TX000805,2024-02-09 04:00,329.11,ACH,AE,HNW,Crypto,34,0
TX000806,2024-02-10 14:00,412.13,SWIFT,RU,Retail,Financial Services,82,0
TX000807,2024-07-17 23:00,2021.09,Card,CN,HNW,Financial Services,55,0
TX000808,2024-01-18 20:00,57.38,ACH,DE,SME,Real Estate,20,0
TX000809,2024-03-30 19:00,47.11,ACH,DE,Retail,Real Estate,97,0
TX000810,2024-01-23 18:00,1821.22,Card,SG,HNW,Gambling,75,0
TX000811,2024-02-16 03:00,742.5,Card,RU,SME,Retail,96,0
TX000812,2024-01-22 11:00,1082.3,Wire,GB,Retail,Gambling,18,0
TX000813,2024-04-02 18:00,248.4,Crypto,GB,Corporate,Financial Services,79,0
TX000814,2024-04-18 20:00,782.76,Card,SG,Corporate,Real Estate,96,0
TX000815,2024-06-08 15:00,47.34,SWIFT,US,Retail,Retail,53,0
TX000816,2024-03-28 18:00,7111.79,Wire,GB,HNW,Real Estate,57,0
TX000817,2024-04-04 04:00,113.18,Crypto,US,Retail,Crypto,81,0
TX000818,2024-02-24 21:00,378.44,Card,CN,SME,Crypto,78,0
TX000819,2024-05-23 17:00,1504.4,ACH,CN,SME,Gambling,29,0
TX000820,2024-01-09 21:00,302.19,ACH,KY,Corporate,Gambling,31,0
TX000821,2024-03-04 09:00,163.81,SWIFT,RU,Retail,Retail,17,0
TX000822,2024-04-02 21:00,121.83,Card,US,HNW,Crypto,94,0
TX000823,2024-07-11 17:00,275.65,SWIFT,GB,Corporate,Financial Services,15,1
TX000824,2024-01-08 13:00,680.27,Card,KY,HNW,Real Estate,43,0
TX000825,2024-02-19 07:00,351.85,Wire,CN,HNW,Gambling,13,0
TX000826,2024-02-27 02:00,1067.63,Card,CN,HNW,Financial Services,12,0
TX000827,2024-06-05 02:00,312.99,Card,AE,Retail,Crypto,31,0
TX000828,2024-03-28 15:00,94.11,SWIFT,RU,Retail,Financial Services,58,0
TX000829,2024-05-31 11:00,180.36,Card,US,SME,Crypto,50,0
TX000830,2024-05-30 14:00,248.61,Wire,AE,SME,Financial Services,27,0
TX000831,2024-04-17 19:00,318.68,Card,AE,SME,Crypto,8,0
TX000832,2024-07-11 03:00,903.58,Wire,DE,Corporate,Financial Services,16,0
TX000833,2024-04-28 15:00,403.86,Crypto,KY,Corporate,Financial Services,17,0
TX000834,2024-06-06 11:00,586.09,Card,CN,Corporate,Retail,8,0
TX000835,2024-07-11 12:00,1155.21,Card,US,Corporate,Financial Services,61,0
TX000836,2024-07-09 00:00,4089.02,Card,SG,HNW,Retail,18,0
TX000837,2024-06-13 19:00,819.03,Card,GB,Corporate,Real Estate,46,0
TX000838,2024-02-01 13:00,558.56,SWIFT,GB,Corporate,Real Estate,4,0
TX000839,2024-01-01 10:00,335.74,ACH,GB,Retail,Gambling,61,0
TX000840,2024-01-21 14:00,114.2,Crypto,SG,Corporate,Gambling,16,0
TX000841,2024-03-09 07:00,185.32,ACH,DE,Retail,Gambling,49,0
TX000842,2024-03-27 19:00,293.77,Wire,RU,HNW,Real Estate,80,0
TX000843,2024-03-13 13:00,3461.58,Crypto,RU,Corporate,Financial Services,68,0
TX000844,2024-04-08 22:00,210.0,Card,RU,Retail,Gambling,15,0
TX000845,2024-07-18 13:00,9.69,ACH,CN,HNW,Real Estate,74,0
TX000846,2024-03-12 05:00,96.06,Card,RU,SME,Financial Services,72,0
TX000847,2024-05-27 07:00,102.75,Wire,DE,Retail,Retail,51,0
TX000848,2024-03-19 21:00,43.49,Card,AE,Retail,Gambling,18,0
TX000849,2024-04-16 06:00,1922.23,ACH,AE,Corporate,Financial Services,29,0
TX000850,2024-07-19 10:00,488.09,Card,KY,HNW,Crypto,15,0
TX000851,2024-05-08 08:00,252.47,Card,RU,SME,Real Estate,65,0
TX000852,2024-05-18 15:00,20073.76,Crypto,SG,Retail,Gambling,70,0
TX000853,2024-02-23 03:00,900.66,Card,GB,Corporate,Real Estate,28,0
TX000854,2024-02-04 05:00,192.84,Card,GB,Corporate,Gambling,62,0
TX000855,2024-01-15 15:00,287.55,Card,AE,Corporate,Retail,58,0
TX000856,2024-01-26 04:00,644.82,SWIFT,KY,Retail,Financial Services,44,0
TX000857,2024-06-27 06:00,142.84,Card,US,Retail,Financial Services,38,0
TX000858,2024-05-08 20:00,442.32,SWIFT,GB,HNW,Crypto,27,0
TX000859,2024-04-27 08:00,438.81,Card,SG,HNW,Gambling,90,0
TX000860,2024-07-02 07:00,53.88,SWIFT,SG,Retail,Real Estate,28,0
TX000861,2024-01-19 05:00,34.9,Card,SG,Retail,Real Estate,79,0
TX000862,2024-03-16 06:00,1987.96,Card,KY,SME,Retail,6,0
TX000863,2024-02-04 14:00,950.03,SWIFT,SG,HNW,Real Estate,48,0
TX000864,2024-07-13 05:00,1182.71,ACH,DE,HNW,Financial Services,45,0
TX000865,2024-01-09 08:00,3470.55,Crypto,CN,HNW,Real Estate,92,0
TX000866,2024-06-09 16:00,794.72,SWIFT,GB,HNW,Crypto,24,0
TX000867,2024-01-19 19:00,720.83,ACH,AE,SME,Financial Services,59,0
TX000868,2024-06-30 03:00,78.91,Wire,RU,Corporate,Retail,27,0
TX000869,2024-03-29 00:00,273.67,Card,DE,SME,Crypto,62,0
TX000870,2024-07-09 18:00,992.28,Card,CN,Corporate,Real Estate,92,0
TX000871,2024-07-13 15:00,156.6,Card,DE,HNW,Crypto,37,0
TX000872,2024-01-27 06:00,598.36,Wire,KY,Retail,Crypto,96,0
TX000873,2024-05-13 14:00,701.43,ACH,DE,Corporate,Financial Services,63,0
TX000874,2024-05-10 21:00,560.15,SWIFT,KY,HNW,Real Estate,25,0
TX000875,2024-03-06 14:00,490.97,ACH,KY,Retail,Crypto,80,1
TX000876,2024-05-29 17:00,897.73,Wire,SG,HNW,Retail,65,0
TX000877,2024-07-01 19:00,1093.85,Wire,SG,Corporate,Retail,10,0
TX000878,2024-05-30 06:00,747.79,ACH,AE,HNW,Crypto,49,0
TX000879,2024-01-14 22:00,621.77,Card,CN,SME,Real Estate,33,0
TX000880,2024-05-25 03:00,14736.82,Card,DE,HNW,Crypto,23,0
TX000881,2024-07-15 12:00,2690.41,ACH,US,Corporate,Gambling,100,0
TX000882,2024-01-17 08:00,436.0,Card,DE,SME,Real Estate,80,0
TX000883,2024-02-15 13:00,552.46,Wire,RU,SME,Financial Services,93,0
TX000884,2024-07-19 01:00,103.5,Card,DE,Retail,Financial Services,38,0
TX000885,2024-07-08 23:00,445.19,ACH,KY,SME,Retail,57,0
TX000886,2024-05-29 20:00,41.67,Wire,DE,Retail,Gambling,26,0
TX000887,2024-01-04 08:00,26.16,Card,SG,HNW,Crypto,90,0
TX000888,2024-02-18 23:00,18.68,SWIFT,CN,Retail,Real Estate,74,0
TX000889,2024-05-31 23:00,457.42,Card,CN,HNW,Retail,18,0
TX000890,2024-05-11 01:00,13054.89,Card,SG,Corporate,Gambling,91,0
TX000891,2024-02-15 08:00,2190.26,Card,US,Retail,Retail,48,0
TX000892,2024-02-29 13:00,12.12,SWIFT,GB,SME,Retail,70,0
TX000893,2024-01-04 12:00,108.93,Card,RU,SME,Financial Services,99,0
TX000894,2024-01-01 00:00,436.23,Card,SG,Retail,Retail,62,0
TX000895,2024-03-25 04:00,185.39,SWIFT,CN,HNW,Real Estate,96,0
TX000896,2024-03-01 07:00,1121.46,Card,AE,Retail,Financial Services,36,0
TX000897,2024-07-13 15:00,332.92,Wire,RU,SME,Retail,40,0
TX000898,2024-04-20 10:00,719.8,Card,KY,Retail,Crypto,93,0
TX000899,2024-07-10 10:00,316.13,Card,RU,SME,Gambling,41,0
TX000900,2024-04-25 22:00,390.63,Wire,US,HNW,Retail,39,0
TX000901,2024-05-07 03:00,38.49,SWIFT,KY,Retail,Retail,22,0
TX000902,2024-01-29 07:00,785.72,Wire,CN,SME,Retail,54,0
TX000903,2024-03-18 19:00,119.87,Crypto,DE,Corporate,Retail,72,0
TX000904,2024-04-15 11:00,278.75,Card,KY,Retail,Crypto,13,0
TX000905,2024-06-23 13:00,1495.08,ACH,CN,SME,Financial Services,46,0
TX000906,2024-04-26 05:00,427.3,Card,RU,HNW,Financial Services,9,0
TX000907,2024-03-17 23:00,80.48,ACH,CN,HNW,Gambling,6,0
TX000908,2024-03-26 18:00,796.7,Card,AE,Retail,Retail,73,0
TX000909,2024-01-18 06:00,407.16,Card,CN,Retail,Gambling,73,0
TX000910,2024-03-02 20:00,584.7,ACH,RU,HNW,Real Estate,32,0
TX000911,2024-02-06 00:00,79.46,Wire,AE,Corporate,Gambling,20,0
TX000912,2024-07-09 12:00,381.31,ACH,US,Corporate,Financial Services,42,0
TX000913,2024-01-25 19:00,138.27,Card,US,Corporate,Real Estate,99,0
TX000914,2024-05-12 00:00,125.16,SWIFT,KY,HNW,Crypto,84,0
TX000915,2024-06-02 23:00,311.24,SWIFT,US,Corporate,Crypto,33,0
TX000916,2024-04-14 04:00,515.68,Card,US,Retail,Retail,80,0
TX000917,2024-01-01 04:00,2095.01,Card,US,HNW,Financial Services,42,0
TX000918,2024-06-06 02:00,213.09,ACH,CN,HNW,Gambling,56,0
TX000919,2024-03-28 02:00,660.32,SWIFT,GB,Corporate,Financial Services,26,0
TX000920,2024-07-12 01:00,255.76,Card,US,Retail,Financial Services,53,0
TX000921,2024-06-03 13:00,477.12,Card,KY,Retail,Financial Services,40,0
TX000922,2024-06-21 09:00,366.88,Wire,SG,Retail,Real Estate,48,0
TX000923,2024-04-01 11:00,441.17,SWIFT,SG,Corporate,Real Estate,13,0
TX000924,2024-03-13 06:00,1142.57,Wire,GB,Retail,Real Estate,90,0
TX000925,2024-03-28 05:00,636.71,ACH,DE,Corporate,Real Estate,31,0
TX000926,2024-06-01 16:00,733.34,Crypto,KY,Corporate,Crypto,57,0
TX000927,2024-03-07 17:00,1972.11,Wire,GB,Retail,Financial Services,90,0
TX000928,2024-03-05 18:00,2449.07,ACH,GB,HNW,Crypto,41,0
TX000929,2024-03-29 14:00,1870.55,SWIFT,US,SME,Retail,53,0
TX000930,2024-03-09 20:00,106.28,Card,DE,Retail,Crypto,83,0
TX000931,2024-06-20 00:00,42.57,Card,RU,SME,Gambling,94,0
TX000932,2024-02-22 09:00,556.27,Card,RU,HNW,Real Estate,72,0
TX000933,2024-06-16 11:00,437.38,Card,KY,Corporate,Crypto,6,0
TX000934,2024-02-24 20:00,222.51,Wire,KY,Retail,Financial Services,97,0
TX000935,2024-05-04 06:00,86.67,Wire,AE,Corporate,Real Estate,68,0
TX000936,2024-01-27 06:00,1963.49,SWIFT,SG,SME,Real Estate,54,0
TX000937,2024-01-28 09:00,43.19,ACH,SG,SME,Retail,90,0
TX000938,2024-05-08 15:00,803.63,ACH,US,HNW,Retail,82,0
TX000939,2024-02-29 02:00,274.85,Wire,GB,Corporate,Gambling,54,0
TX000940,2024-03-13 02:00,5817.82,Wire,AE,HNW,Retail,33,0
TX000941,2024-06-20 00:00,4297.34,Wire,KY,HNW,Financial Services,48,0
TX000942,2024-04-18 15:00,611.35,Card,AE,HNW,Gambling,54,0
TX000943,2024-06-26 23:00,639.35,ACH,KY,Retail,Financial Services,86,0
TX000944,2024-07-05 04:00,285.7,Crypto,KY,HNW,Gambling,68,0
TX000945,2024-05-14 03:00,2212.78,Wire,SG,SME,Crypto,58,0
TX000946,2024-01-03 13:00,722.47,Card,AE,Retail,Retail,9,0
TX000947,2024-04-13 10:00,553.49,Card,AE,Corporate,Crypto,50,0
TX000948,2024-05-08 14:00,171.51,ACH,AE,HNW,Real Estate,43,0
TX000949,2024-06-17 00:00,509.21,Wire,CN,HNW,Crypto,72,0
TX000950,2024-05-11 03:00,283.96,Card,SG,SME,Crypto,24,0
TX000951,2024-03-05 16:00,420.17,ACH,SG,SME,Real Estate,96,0
TX000952,2024-04-22 20:00,670.71,Card,CN,Corporate,Gambling,63,0
TX000953,2024-03-04 15:00,1144.21,Card,KY,HNW,Retail,80,0
TX000954,2024-02-27 16:00,291.56,Card,KY,Retail,Financial Services,94,0
TX000955,2024-07-09 19:00,105.6,Card,GB,HNW,Gambling,48,0
TX000956,2024-01-26 01:00,261.04,Card,RU,Retail,Crypto,71,0
TX000957,2024-07-08 18:00,11592.52,Crypto,AE,HNW,Retail,54,0
TX000958,2024-03-21 08:00,87.27,ACH,KY,Corporate,Real Estate,2,0
TX000959,2024-05-08 00:00,242.61,ACH,KY,HNW,Gambling,40,0
TX000960,2024-06-27 12:00,72.21,Wire,GB,Retail,Financial Services,10,0
TX000961,2024-05-03 19:00,89.41,Card,GB,SME,Retail,23,0
TX000962,2024-03-02 04:00,202.25,ACH,KY,SME,Crypto,33,0
TX000963,2024-01-12 04:00,1575.43,Card,US,Retail,Real Estate,27,0
TX000964,2024-02-25 16:00,1497.69,SWIFT,US,Corporate,Retail,73,0
TX000965,2024-03-26 08:00,96.97,SWIFT,US,SME,Retail,28,0
TX000966,2024-01-13 23:00,707.2,Card,RU,HNW,Financial Services,71,0
TX000967,2024-02-17 00:00,181.36,Crypto,US,Corporate,Retail,26,0
TX000968,2024-02-24 21:00,298.52,Wire,AE,Corporate,Crypto,64,0
TX000969,2024-05-12 10:00,152.2,Card,SG,HNW,Financial Services,99,0
TX000970,2024-05-22 20:00,352.02,ACH,US,Retail,Retail,33,0
TX000971,2024-05-25 23:00,93.4,Wire,US,Corporate,Real Estate,46,0
TX000972,2024-03-17 18:00,267.12,ACH,GB,HNW,Gambling,92,0
TX000973,2024-05-19 16:00,1661.69,ACH,CN,Corporate,Retail,44,0
TX000974,2024-05-30 00:00,194.64,Wire,AE,Corporate,Gambling,80,0
TX000975,2024-02-09 22:00,580.46,Card,US,Retail,Crypto,22,0
TX000976,2024-04-26 09:00,470.35,Card,CN,Corporate,Retail,75,0
TX000977,2024-01-27 04:00,1745.87,ACH,CN,Corporate,Financial Services,92,0
TX000978,2024-03-21 12:00,221.91,Wire,AE,Corporate,Retail,31,0
TX000979,2024-04-29 19:00,609.95,Card,US,Retail,Gambling,37,0
TX000980,2024-04-01 00:00,360.41,Wire,RU,Retail,Financial Services,39,0
TX000981,2024-02-21 05:00,579.49,Card,DE,HNW,Gambling,54,0
TX000982,2024-07-01 02:00,224.85,Card,GB,SME,Financial Services,25,0
TX000983,2024-03-26 05:00,59.11,Card,RU,Corporate,Gambling,60,0
TX000984,2024-05-07 02:00,36.83,Wire,GB,SME,Retail,41,0
TX000985,2024-01-09 15:00,70.75,Card,GB,HNW,Gambling,73,0
TX000986,2024-04-05 21:00,2317.22,Crypto,GB,SME,Real Estate,4,0
TX000987,2024-05-30 04:00,1048.8,Card,AE,SME,Retail,98,0
TX000988,2024-07-15 01:00,1145.02,Card,DE,SME,Gambling,86,0
TX000989,2024-03-03 14:00,461.67,ACH,SG,SME,Crypto,66,0
TX000990,2024-07-18 22:00,140.22,Card,DE,HNW,Real Estate,26,0
TX000991,2024-03-31 16:00,170.47,Crypto,AE,SME,Financial Services,16,0
TX000992,2024-07-06 11:00,8869.98,Card,KY,Retail,Real Estate,94,0
TX000993,2024-06-20 02:00,134.14,Card,DE,HNW,Crypto,42,0
TX000994,2024-01-03 15:00,665.72,Wire,SG,SME,Real Estate,70,0
TX000995,2024-03-26 07:00,214.86,Card,CN,SME,Retail,66,0
TX000996,2024-03-21 01:00,66.95,SWIFT,RU,Retail,Retail,25,0
TX000997,2024-02-08 19:00,497.9,Crypto,RU,Retail,Gambling,45,0
TX000998,2024-05-18 21:00,1062.25,Wire,KY,HNW,Gambling,28,0
TX000999,2024-02-20 08:00,2609.49,SWIFT,US,SME,Gambling,78,0
TX001000,2024-07-16 05:00,343.05,Wire,US,HNW,Financial Services,98,0
TX001001,2024-02-02 04:00,418.18,ACH,AE,SME,Retail,54,0
TX001002,2024-01-10 09:00,3478.46,Crypto,US,Retail,Gambling,0,0
TX001003,2024-02-11 19:00,3999.55,Card,US,SME,Gambling,84,0
TX001004,2024-04-30 12:00,111.6,Crypto,DE,Retail,Real Estate,64,0
TX001005,2024-07-07 05:00,3831.82,Card,CN,Retail,Crypto,51,0
TX001006,2024-05-20 05:00,1452.99,Card,SG,SME,Gambling,35,0
TX001007,2024-03-07 20:00,40.04,Card,DE,HNW,Real Estate,42,0
TX001008,2024-06-05 03:00,179.99,Card,AE,Corporate,Crypto,88,0
TX001009,2024-06-23 16:00,2090.13,Card,DE,HNW,Gambling,35,0
TX001010,2024-06-15 09:00,25.3,SWIFT,DE,SME,Gambling,22,0
TX001011,2024-03-19 12:00,359.24,Card,KY,Corporate,Real Estate,16,0
TX001012,2024-02-25 22:00,3468.24,Crypto,RU,SME,Retail,16,0
TX001013,2024-04-10 13:00,365.09,ACH,KY,HNW,Retail,72,0
TX001014,2024-07-11 23:00,308.4,Wire,KY,HNW,Retail,95,0
TX001015,2024-05-10 13:00,3140.51,Card,DE,HNW,Gambling,53,0
TX001016,2024-07-18 12:00,258.42,Crypto,US,Retail,Retail,7,0
TX001017,2024-05-28 11:00,3245.31,SWIFT,CN,Retail,Financial Services,31,0
TX001018,2024-04-11 03:00,791.91,ACH,US,Corporate,Crypto,55,0
TX001019,2024-05-20 20:00,84.97,ACH,AE,Corporate,Retail,39,0
TX001020,2024-04-20 09:00,1006.7,Wire,DE,Corporate,Retail,59,0
TX001021,2024-03-30 09:00,2088.48,SWIFT,US,Corporate,Real Estate,65,0
TX001022,2024-02-09 13:00,78.98,Card,GB,Corporate,Financial Services,5,0
TX001023,2024-01-07 03:00,640.02,Card,AE,HNW,Real Estate,67,0
TX001024,2024-06-05 05:00,265.34,Wire,AE,Retail,Retail,39,0
TX001025,2024-01-15 19:00,50.35,Wire,GB,SME,Retail,85,0
TX001026,2024-01-27 06:00,744.19,SWIFT,US,Retail,Crypto,10,0
TX001027,2024-02-02 05:00,192.97,Wire,CN,HNW,Retail,88,0
TX001028,2024-03-20 22:00,1004.8,Wire,GB,Retail,Crypto,55,0
TX001029,2024-04-06 06:00,237.16,Card,DE,Retail,Retail,64,0
TX001030,2024-02-20 10:00,324.32,Wire,DE,HNW,Financial Services,90,0
TX001031,2024-07-13 06:00,497.42,Crypto,SG,HNW,Crypto,46,0
TX001032,2024-05-07 00:00,62.42,SWIFT,AE,Retail,Gambling,14,0
TX001033,2024-03-19 07:00,330.66,ACH,GB,SME,Financial Services,10,0
TX001034,2024-04-15 22:00,4215.23,Card,AE,HNW,Gambling,87,0
TX001035,2024-07-04 23:00,107.89,Wire,DE,Retail,Gambling,20,0
TX001036,2024-01-13 14:00,115.41,ACH,US,SME,Retail,75,1
TX001037,2024-01-02 07:00,316.15,Wire,AE,SME,Retail,27,0
TX001038,2024-05-22 13:00,521.98,Wire,DE,SME,Financial Services,100,0
TX001039,2024-01-09 18:00,1876.5,Card,KY,HNW,Real Estate,59,0
TX001040,2024-03-02 08:00,12689.02,Card,RU,SME,Financial Services,92,0
TX001041,2024-01-01 22:00,49.91,SWIFT,AE,HNW,Retail,50,0
TX001042,2024-04-04 07:00,286.63,ACH,SG,HNW,Real Estate,25,0
TX001043,2024-01-10 02:00,335.34,Wire,GB,Retail,Financial Services,2,0
TX001044,2024-03-21 20:00,1597.04,Card,DE,Corporate,Crypto,52,0
TX001045,2024-04-07 04:00,151.75,Card,GB,Corporate,Crypto,36,0
TX001046,2024-06-11 03:00,105.45,Card,KY,HNW,Financial Services,18,0
TX001047,2024-05-02 13:00,138.53,Crypto,US,SME,Retail,68,0
TX001048,2024-02-24 16:00,1175.42,SWIFT,SG,HNW,Real Estate,85,0
TX001049,2024-02-12 13:00,3317.04,Card,AE,SME,Gambling,65,0
TX001050,2024-01-05 19:00,5605.37,Wire,SG,HNW,Financial Services,79,0
TX001051,2024-01-28 09:00,273.77,SWIFT,US,SME,Crypto,72,0
TX001052,2024-02-08 03:00,184.82,Crypto,AE,HNW,Real Estate,2,0
TX001053,2024-03-09 17:00,2194.43,Card,CN,SME,Crypto,87,0
TX001054,2024-02-14 06:00,1394.26,Card,AE,SME,Retail,94,0
TX001055,2024-01-16 04:00,169.24,Card,CN,Retail,Financial Services,76,0
TX001056,2024-01-12 03:00,1963.97,ACH,KY,HNW,Gambling,68,0
TX001057,2024-02-14 03:00,113.8,Card,KY,Corporate,Real Estate,61,0
TX001058,2024-03-15 04:00,1809.18,Card,AE,SME,Retail,6,0
TX001059,2024-04-21 03:00,384.17,ACH,US,Corporate,Gambling,39,0
TX001060,2024-05-19 01:00,173.94,ACH,KY,Corporate,Gambling,65,0
TX001061,2024-02-01 01:00,247.85,Card,US,SME,Retail,13,0
TX001062,2024-03-14 07:00,469.45,SWIFT,AE,Retail,Crypto,79,0
TX001063,2024-05-04 13:00,9834.58,Wire,CN,HNW,Gambling,29,0
TX001064,2024-01-11 11:00,121.19,Crypto,KY,SME,Financial Services,7,0
TX001065,2024-06-08 13:00,60.38,Card,SG,HNW,Crypto,2,0
TX001066,2024-01-27 10:00,1619.42,Card,KY,Retail,Real Estate,77,0
TX001067,2024-01-29 23:00,835.19,SWIFT,AE,SME,Gambling,89,1
TX001068,2024-05-10 01:00,1873.45,Card,GB,Corporate,Financial Services,58,0
TX001069,2024-07-04 00:00,258.99,Card,SG,SME,Crypto,83,0
TX001070,2024-01-28 14:00,589.32,Crypto,AE,HNW,Retail,90,0
TX001071,2024-05-07 11:00,562.51,Card,RU,HNW,Gambling,89,0
TX001072,2024-05-11 12:00,1527.79,SWIFT,SG,Corporate,Real Estate,54,0
TX001073,2024-01-13 23:00,427.1,Wire,DE,Corporate,Financial Services,48,0
TX001074,2024-06-16 04:00,144.29,Card,GB,Corporate,Gambling,54,0
TX001075,2024-02-27 06:00,3727.32,SWIFT,DE,Retail,Crypto,16,0
TX001076,2024-06-08 17:00,622.41,Card,GB,Retail,Retail,86,0
TX001077,2024-04-27 01:00,808.16,Card,GB,Corporate,Financial Services,26,0
TX001078,2024-06-27 13:00,290.81,Card,CN,Corporate,Crypto,98,0
TX001079,2024-06-12 12:00,663.68,Card,RU,Corporate,Financial Services,14,0
TX001080,2024-01-20 00:00,31.85,Card,AE,HNW,Retail,73,0
TX001081,2024-03-08 11:00,1011.6,Wire,CN,Retail,Retail,4,0
TX001082,2024-03-27 06:00,612.67,Card,SG,SME,Retail,17,0
TX001083,2024-05-21 11:00,1076.73,Card,KY,HNW,Real Estate,80,0
TX001084,2024-03-11 10:00,607.26,Crypto,RU,HNW,Crypto,21,0
TX001085,2024-03-10 02:00,784.45,ACH,GB,Corporate,Crypto,24,0
TX001086,2024-02-18 17:00,256.34,Card,SG,HNW,Crypto,82,0
TX001087,2024-01-29 22:00,325.04,ACH,US,Corporate,Real Estate,2,0
TX001088,2024-04-15 23:00,260.22,Card,US,SME,Financial Services,76,0
TX001089,2024-04-22 18:00,241.66,ACH,US,Corporate,Financial Services,36,0
TX001090,2024-02-08 23:00,7419.34,Wire,DE,HNW,Real Estate,74,0
TX001091,2024-04-13 19:00,82.52,ACH,SG,Corporate,Gambling,24,0
TX001092,2024-03-23 01:00,340.66,Wire,GB,Retail,Financial Services,1,0
TX001093,2024-01-21 18:00,687.54,Card,CN,HNW,Real Estate,11,0
TX001094,2024-01-02 15:00,256.6,Card,DE,HNW,Retail,11,0
TX001095,2024-03-09 23:00,246.22,ACH,CN,SME,Real Estate,54,0
TX001096,2024-07-09 15:00,431.24,Card,GB,Corporate,Gambling,19,0
TX001097,2024-01-22 20:00,226.14,Crypto,AE,HNW,Real Estate,2,0
TX001098,2024-03-11 03:00,64.15,Wire,US,Corporate,Financial Services,69,0
TX001099,2024-06-01 12:00,1625.44,Card,CN,HNW,Retail,99,0
TX001100,2024-06-10 23:00,92.4,Card,GB,Corporate,Crypto,21,0
TX001101,2024-01-16 01:00,1271.43,Wire,GB,Retail,Gambling,70,0
TX001102,2024-07-01 23:00,314.98,Card,US,Corporate,Gambling,92,0
TX001103,2024-05-10 11:00,568.75,Card,GB,SME,Retail,98,0
TX001104,2024-01-14 04:00,121.39,Card,CN,HNW,Retail,97,0
TX001105,2024-05-19 03:00,1276.92,Card,US,SME,Gambling,58,0
TX001106,2024-05-08 19:00,45.89,Wire,US,Retail,Crypto,64,0
TX001107,2024-02-01 04:00,155.6,Wire,AE,HNW,Real Estate,55,0
TX001108,2024-05-25 04:00,270.04,Card,US,Corporate,Crypto,64,0
TX001109,2024-05-07 13:00,304.59,Wire,SG,HNW,Real Estate,46,0
TX001110,2024-04-02 23:00,258.87,Card,SG,Corporate,Financial Services,30,0
TX001111,2024-02-14 19:00,693.15,Crypto,KY,SME,Financial Services,18,0
TX001112,2024-03-10 14:00,468.21,Crypto,US,Retail,Financial Services,15,0
TX001113,2024-01-03 05:00,388.1,Card,RU,Corporate,Financial Services,74,0
TX001114,2024-06-20 17:00,250.04,Card,GB,Corporate,Crypto,0,0
TX001115,2024-01-20 07:00,373.32,Card,DE,HNW,Crypto,25,0
TX001116,2024-04-20 22:00,192.12,SWIFT,CN,Retail,Gambling,64,0
TX001117,2024-03-15 15:00,145.96,Crypto,AE,Corporate,Gambling,45,0
TX001118,2024-02-05 06:00,113.58,ACH,SG,SME,Retail,45,0
TX001119,2024-03-26 16:00,547.02,Crypto,AE,HNW,Retail,82,0
TX001120,2024-06-12 01:00,36.92,Card,AE,SME,Real Estate,60,0
TX001121,2024-03-09 15:00,225.42,Crypto,AE,HNW,Crypto,79,0
TX001122,2024-05-12 19:00,36.1,ACH,AE,Retail,Financial Services,2,0
TX001123,2024-01-07 11:00,347.85,Card,RU,Corporate,Gambling,77,0
TX001124,2024-02-11 03:00,1330.0,Card,KY,SME,Retail,74,0
TX001125,2024-07-09 02:00,3746.21,Card,GB,Retail,Crypto,21,0
TX001126,2024-04-19 05:00,46.28,Crypto,US,Retail,Real Estate,20,0
TX001127,2024-01-31 09:00,109.61,SWIFT,DE,Corporate,Crypto,99,0
TX001128,2024-05-19 18:00,105.89,Card,US,SME,Retail,73,0
TX001129,2024-05-02 03:00,148.31,Card,CN,HNW,Gambling,53,0
TX001130,2024-05-13 21:00,1328.27,Card,US,HNW,Gambling,35,0
TX001131,2024-04-13 10:00,1701.5,SWIFT,CN,Corporate,Gambling,44,0
TX001132,2024-07-09 03:00,141.81,Card,SG,HNW,Retail,74,0
TX001133,2024-05-07 00:00,861.0,ACH,GB,HNW,Crypto,69,0
TX001134,2024-01-12 20:00,302.36,Card,RU,SME,Real Estate,81,0
TX001135,2024-01-10 22:00,448.87,Card,AE,Retail,Crypto,54,0
TX001136,2024-05-13 20:00,3691.11,ACH,AE,HNW,Real Estate,89,0
TX001137,2024-03-20 04:00,287.83,Crypto,RU,Corporate,Real Estate,50,0
TX001138,2024-06-11 21:00,227.17,Card,KY,Retail,Crypto,36,0
TX001139,2024-06-08 10:00,626.88,Card,AE,Corporate,Real Estate,16,0
TX001140,2024-05-28 15:00,63.73,Crypto,KY,Retail,Financial Services,73,0
TX001141,2024-03-18 12:00,3934.7,Wire,GB,HNW,Retail,42,0
TX001142,2024-05-08 23:00,553.99,Crypto,AE,HNW,Real Estate,47,0
TX001143,2024-05-19 12:00,190.28,Wire,AE,Retail,Real Estate,0,0
TX001144,2024-04-18 08:00,19546.76,ACH,CN,Retail,Real Estate,10,1
TX001145,2024-05-17 20:00,481.43,Crypto,KY,SME,Real Estate,70,1
TX001146,2024-05-16 13:00,86.36,Card,GB,Retail,Gambling,48,0
TX001147,2024-03-06 21:00,261.26,ACH,AE,SME,Gambling,15,0
TX001148,2024-04-09 12:00,973.37,Wire,SG,Retail,Financial Services,18,1
TX001149,2024-03-07 19:00,82.13,ACH,CN,HNW,Real Estate,72,0
TX001150,2024-05-16 03:00,1952.7,Crypto,KY,SME,Financial Services,94,0
TX001151,2024-03-19 23:00,549.35,Wire,US,HNW,Crypto,81,0
TX001152,2024-07-16 11:00,1588.92,Card,GB,HNW,Real Estate,4,0
TX001153,2024-04-14 21:00,115.55,Card,US,Retail,Financial Services,32,0
TX001154,2024-01-26 15:00,151.5,Card,GB,SME,Real Estate,87,0
TX001155,2024-02-24 19:00,202.67,SWIFT,US,SME,Retail,83,0
TX001156,2024-04-24 01:00,1465.69,Card,RU,Retail,Gambling,24,0
TX001157,2024-07-04 07:00,95.57,ACH,RU,Corporate,Crypto,78,0
TX001158,2024-02-25 18:00,2392.17,ACH,GB,Corporate,Real Estate,78,0
TX001159,2024-04-23 23:00,1005.19,Wire,KY,SME,Gambling,7,0
TX001160,2024-03-04 14:00,161.64,Wire,KY,SME,Financial Services,52,0
TX001161,2024-01-15 20:00,84.34,Wire,AE,HNW,Financial Services,11,0
TX001162,2024-06-17 12:00,654.57,Card,SG,SME,Financial Services,81,0
TX001163,2024-04-03 08:00,214.28,Card,RU,Retail,Crypto,37,0
TX001164,2024-05-08 20:00,78.08,SWIFT,GB,Retail,Real Estate,19,0
TX001165,2024-06-26 15:00,1669.44,Crypto,KY,HNW,Retail,47,0
TX001166,2024-01-01 19:00,1192.85,Card,RU,SME,Retail,64,0
TX001167,2024-01-17 03:00,1264.58,SWIFT,US,Retail,Gambling,28,0
TX001168,2024-02-26 09:00,125.15,Card,KY,Retail,Financial Services,87,0
TX001169,2024-03-05 05:00,59.0,Card,CN,SME,Real Estate,7,0
TX001170,2024-06-08 04:00,479.71,Card,CN,Retail,Retail,85,0
TX001171,2024-07-09 21:00,378.74,SWIFT,DE,Retail,Real Estate,75,0
TX001172,2024-06-04 09:00,1013.75,ACH,DE,HNW,Real Estate,16,0
TX001173,2024-06-23 17:00,254.43,Wire,SG,SME,Retail,47,0
TX001174,2024-03-24 15:00,54.87,Card,GB,SME,Retail,60,0
TX001175,2024-01-12 03:00,604.07,Card,GB,SME,Financial Services,77,0
TX001176,2024-01-15 18:00,385.76,ACH,RU,Retail,Financial Services,27,0
TX001177,2024-04-28 00:00,556.62,ACH,DE,Retail,Financial Services,4,0
TX001178,2024-05-04 02:00,669.77,SWIFT,DE,Corporate,Gambling,71,0
TX001179,2024-05-24 06:00,289.87,ACH,SG,HNW,Real Estate,98,0
TX001180,2024-01-01 17:00,570.34,SWIFT,KY,HNW,Crypto,81,0
TX001181,2024-07-15 21:00,860.25,Card,RU,HNW,Retail,7,0
TX001182,2024-03-27 09:00,41.63,Card,GB,Corporate,Gambling,41,0
TX001183,2024-02-08 11:00,74.67,Card,RU,HNW,Retail,72,0
TX001184,2024-04-07 09:00,132.82,Wire,SG,Corporate,Gambling,86,0
TX001185,2024-06-08 01:00,1103.45,Wire,KY,HNW,Real Estate,77,0
TX001186,2024-06-26 07:00,2335.01,Crypto,SG,SME,Gambling,83,0
TX001187,2024-05-16 23:00,196.2,SWIFT,KY,HNW,Gambling,29,0
TX001188,2024-07-12 09:00,10957.8,SWIFT,AE,HNW,Gambling,48,0
TX001189,2024-02-21 05:00,1613.72,Card,AE,Corporate,Retail,58,0
TX001190,2024-02-02 09:00,449.61,Card,AE,Corporate,Crypto,63,0
TX001191,2024-02-22 03:00,5871.55,Card,CN,Retail,Real Estate,8,0
TX001192,2024-05-26 20:00,2035.89,Crypto,KY,HNW,Financial Services,92,0
TX001193,2024-06-13 23:00,58.18,SWIFT,SG,SME,Financial Services,33,0
TX001194,2024-05-11 02:00,160.96,Card,US,Corporate,Real Estate,25,0
TX001195,2024-05-30 07:00,138.09,SWIFT,DE,SME,Gambling,46,0
TX001196,2024-04-30 09:00,651.89,ACH,KY,Corporate,Gambling,89,0
TX001197,2024-05-16 16:00,152.76,Wire,KY,HNW,Retail,83,0
TX001198,2024-03-10 22:00,45.98,Card,SG,HNW,Financial Services,21,0
TX001199,2024-05-21 11:00,458.61,SWIFT,RU,Retail,Crypto,66,0
TX001200,2024-04-05 13:00,558.05,Card,GB,HNW,Financial Services,69,0
TX001201,2024-04-27 15:00,1159.78,ACH,KY,HNW,Real Estate,43,0
TX001202,2024-07-02 05:00,332.9,Card,SG,Corporate,Retail,99,0
TX001203,2024-02-05 12:00,741.05,Card,DE,Corporate,Financial Services,48,0
TX001204,2024-07-12 16:00,1100.57,ACH,SG,Retail,Gambling,10,0
TX001205,2024-01-26 10:00,1402.61,ACH,GB,Retail,Real Estate,15,0
TX001206,2024-04-12 00:00,5053.38,Card,DE,HNW,Crypto,40,0
TX001207,2024-01-06 11:00,787.75,SWIFT,AE,Retail,Crypto,56,0
TX001208,2024-03-01 01:00,1831.9,ACH,RU,HNW,Crypto,50,0
TX001209,2024-03-01 03:00,825.04,Wire,CN,SME,Retail,20,0
TX001210,2024-01-22 17:00,2465.89,ACH,KY,HNW,Real Estate,31,0
TX001211,2024-05-25 17:00,882.78,Card,CN,Corporate,Real Estate,51,0
TX001212,2024-02-19 15:00,581.08,Card,RU,Retail,Gambling,69,0
TX001213,2024-03-01 00:00,1123.82,Wire,SG,SME,Financial Services,22,0
TX001214,2024-07-04 12:00,81.94,Card,SG,Retail,Retail,80,0
TX001215,2024-01-21 19:00,823.77,ACH,AE,Corporate,Financial Services,49,0
TX001216,2024-06-18 04:00,612.41,Wire,DE,SME,Real Estate,92,0
TX001217,2024-04-21 04:00,101.3,ACH,DE,Retail,Gambling,85,0
TX001218,2024-01-06 16:00,366.52,Wire,GB,HNW,Gambling,30,0
TX001219,2024-07-10 07:00,10725.75,ACH,US,Corporate,Retail,66,0
TX001220,2024-03-05 14:00,1614.94,Crypto,US,Corporate,Real Estate,77,0
TX001221,2024-05-27 23:00,178.18,Wire,SG,Retail,Gambling,36,0
TX001222,2024-01-20 17:00,805.66,Wire,SG,Retail,Retail,89,0
TX001223,2024-05-04 19:00,22.03,Crypto,US,HNW,Retail,97,0
TX001224,2024-06-07 10:00,1806.44,Card,DE,HNW,Gambling,50,0
TX001225,2024-04-28 22:00,91.95,Card,US,HNW,Financial Services,37,0
TX001226,2024-01-09 23:00,107.59,Card,GB,Corporate,Real Estate,97,0
TX001227,2024-07-12 18:00,573.49,Card,SG,HNW,Retail,5,0
TX001228,2024-03-01 04:00,251.1,Card,CN,SME,Real Estate,48,0
TX001229,2024-02-10 09:00,942.2,ACH,SG,Retail,Real Estate,44,0
TX001230,2024-06-09 20:00,199.02,SWIFT,GB,HNW,Retail,5,0
TX001231,2024-02-22 06:00,2773.71,Wire,AE,SME,Gambling,49,0
TX001232,2024-03-08 12:00,414.39,Card,DE,Corporate,Retail,24,0
TX001233,2024-06-12 00:00,463.53,Wire,RU,Retail,Retail,5,0
TX001234,2024-03-20 01:00,795.62,Card,DE,HNW,Financial Services,6,0
TX001235,2024-02-11 13:00,19.99,Card,GB,HNW,Financial Services,96,0
TX001236,2024-06-25 01:00,28.11,Wire,RU,HNW,Crypto,72,0
TX001237,2024-02-16 13:00,8779.15,Card,AE,Retail,Financial Services,77,0
TX001238,2024-02-02 11:00,323.4,Wire,DE,SME,Retail,99,0
TX001239,2024-04-18 17:00,61.05,ACH,SG,HNW,Retail,11,0
TX001240,2024-01-07 14:00,1574.64,Card,US,Corporate,Crypto,45,0
TX001241,2024-04-01 05:00,1096.94,Card,KY,Corporate,Crypto,79,0
TX001242,2024-04-21 08:00,552.96,Crypto,US,HNW,Gambling,76,0
TX001243,2024-06-05 10:00,100.23,ACH,SG,HNW,Financial Services,98,0
TX001244,2024-06-12 07:00,1402.49,SWIFT,RU,SME,Gambling,15,0
TX001245,2024-05-02 03:00,256.69,Card,CN,SME,Gambling,5,0
TX001246,2024-01-05 12:00,1432.61,Crypto,CN,HNW,Financial Services,5,0
TX001247,2024-04-25 05:00,2447.22,Card,AE,HNW,Real Estate,12,0
TX001248,2024-02-13 11:00,1165.07,Card,CN,SME,Financial Services,48,1
TX001249,2024-04-03 21:00,115.42,Card,AE,Retail,Crypto,76,0
TX001250,2024-02-23 01:00,6017.46,Card,GB,HNW,Retail,91,0
TX001251,2024-05-18 19:00,116.08,Card,KY,SME,Retail,75,0
TX001252,2024-01-23 23:00,352.04,Card,DE,SME,Gambling,22,0
TX001253,2024-03-14 23:00,54.62,Card,US,HNW,Real Estate,47,0
TX001254,2024-07-10 23:00,543.54,Wire,AE,Retail,Real Estate,44,0
TX001255,2024-07-13 14:00,237.41,Wire,AE,HNW,Gambling,80,0
TX001256,2024-04-16 04:00,438.24,Card,KY,Retail,Financial Services,88,0
TX001257,2024-03-06 04:00,903.84,SWIFT,US,Corporate,Crypto,41,0
TX001258,2024-06-22 09:00,1043.56,ACH,AE,Corporate,Real Estate,84,0
TX001259,2024-04-30 09:00,188.96,Card,AE,HNW,Retail,66,0
TX001260,2024-02-20 05:00,270.2,Card,SG,SME,Crypto,46,0
TX001261,2024-05-31 10:00,108.2,Wire,KY,SME,Real Estate,57,0
TX001262,2024-04-15 21:00,50.69,ACH,SG,Retail,Financial Services,96,0
TX001263,2024-03-29 22:00,5062.35,Crypto,AE,Retail,Retail,19,0
TX001264,2024-03-22 00:00,243.82,Card,RU,Corporate,Gambling,72,0
TX001265,2024-03-31 14:00,228.14,Card,GB,Corporate,Real Estate,53,0
TX001266,2024-01-27 02:00,509.0,Card,CN,Corporate,Real Estate,16,0
TX001267,2024-04-26 19:00,313.3,Wire,CN,SME,Retail,55,0
TX001268,2024-06-23 13:00,1487.64,Wire,CN,SME,Crypto,74,0
TX001269,2024-03-21 04:00,62.99,Wire,DE,Retail,Financial Services,28,0
TX001270,2024-04-04 23:00,1286.67,Wire,RU,Corporate,Real Estate,37,0
TX001271,2024-05-03 14:00,431.22,Card,CN,HNW,Gambling,12,0
TX001272,2024-02-17 22:00,25.66,SWIFT,US,SME,Real Estate,63,0
TX001273,2024-04-10 17:00,279.56,Card,GB,HNW,Crypto,84,0
TX001274,2024-05-24 09:00,288.12,SWIFT,GB,Retail,Gambling,86,0
TX001275,2024-07-17 14:00,3217.54,Card,KY,SME,Gambling,16,0
TX001276,2024-05-25 06:00,615.31,Card,SG,Corporate,Financial Services,75,0
TX001277,2024-02-16 09:00,3973.19,Card,CN,Corporate,Financial Services,18,0
TX001278,2024-05-16 23:00,216.28,ACH,CN,HNW,Real Estate,42,0
TX001279,2024-05-13 15:00,32.93,SWIFT,DE,Corporate,Crypto,91,0
TX001280,2024-05-15 14:00,188.75,Wire,SG,HNW,Retail,8,1
TX001281,2024-07-01 19:00,2248.48,ACH,SG,SME,Real Estate,59,0
TX001282,2024-01-12 19:00,477.96,SWIFT,SG,Retail,Crypto,49,0
TX001283,2024-07-10 15:00,29.08,Crypto,US,HNW,Gambling,46,0
TX001284,2024-04-28 23:00,546.32,Card,CN,SME,Financial Services,69,0
TX001285,2024-01-10 11:00,53.87,Card,GB,SME,Gambling,72,0
TX001286,2024-05-06 06:00,203.14,Crypto,SG,HNW,Real Estate,46,0
TX001287,2024-03-28 10:00,1821.29,Wire,CN,Corporate,Crypto,98,0
TX001288,2024-01-27 05:00,266.15,Wire,AE,SME,Financial Services,28,0
TX001289,2024-01-04 14:00,110.34,SWIFT,CN,SME,Real Estate,6,0
TX001290,2024-03-12 13:00,252.21,ACH,US,SME,Gambling,17,0
TX001291,2024-03-26 16:00,67.53,ACH,RU,HNW,Financial Services,33,0
TX001292,2024-05-03 07:00,1660.58,Wire,US,Retail,Crypto,29,0
TX001293,2024-05-14 11:00,715.95,Crypto,US,SME,Real Estate,95,0
TX001294,2024-01-29 10:00,617.87,Card,US,SME,Financial Services,74,0
TX001295,2024-01-01 05:00,531.48,ACH,AE,SME,Gambling,92,0
TX001296,2024-04-08 20:00,63.71,Card,RU,Corporate,Financial Services,28,0
TX001297,2024-07-01 00:00,108.48,Card,GB,SME,Retail,51,0
TX001298,2024-04-06 21:00,223.3,Crypto,GB,SME,Financial Services,70,0
TX001299,2024-06-23 15:00,317.24,SWIFT,KY,SME,Financial Services,12,0
TX001300,2024-01-31 06:00,251.46,Card,KY,SME,Financial Services,82,0
TX001301,2024-04-22 12:00,505.85,ACH,SG,Retail,Gambling,8,0
TX001302,2024-05-09 06:00,200.13,Wire,AE,Corporate,Crypto,88,0
TX001303,2024-04-13 12:00,54.35,SWIFT,CN,Retail,Retail,45,0
TX001304,2024-06-11 21:00,884.53,Card,DE,Corporate,Gambling,87,0
TX001305,2024-06-10 23:00,195.24,Wire,SG,HNW,Financial Services,19,0
TX001306,2024-02-25 17:00,208.83,Card,KY,Corporate,Crypto,30,0
TX001307,2024-06-14 10:00,169.25,Card,RU,HNW,Retail,63,0
TX001308,2024-07-13 16:00,1893.05,Card,US,SME,Gambling,27,0
TX001309,2024-07-18 08:00,1187.37,Wire,AE,Corporate,Retail,21,0
TX001310,2024-01-03 11:00,1184.9,Wire,AE,Retail,Real Estate,40,0
TX001311,2024-04-06 12:00,379.26,Wire,KY,Corporate,Real Estate,40,0
TX001312,2024-05-12 21:00,861.11,Wire,SG,Retail,Retail,71,0
TX001313,2024-01-17 10:00,99.15,Card,CN,HNW,Real Estate,16,0
TX001314,2024-04-04 05:00,37.4,ACH,DE,Retail,Retail,32,0
TX001315,2024-02-10 17:00,6793.89,Card,KY,Retail,Financial Services,43,0
TX001316,2024-05-19 14:00,277.79,Card,GB,SME,Retail,0,0
TX001317,2024-07-15 22:00,39.26,Wire,SG,HNW,Financial Services,21,0
TX001318,2024-05-31 22:00,2074.1,ACH,KY,Retail,Crypto,90,0
TX001319,2024-03-26 00:00,3589.77,Card,US,SME,Crypto,50,0
TX001320,2024-05-26 20:00,206.05,Card,US,Retail,Gambling,7,0
TX001321,2024-01-14 22:00,243.25,Card,CN,Retail,Gambling,72,0
TX001322,2024-05-04 12:00,1029.55,ACH,KY,Corporate,Real Estate,76,0
TX001323,2024-03-12 20:00,4548.9,SWIFT,DE,Retail,Real Estate,65,0
TX001324,2024-06-25 19:00,872.23,Card,US,SME,Financial Services,46,0
TX001325,2024-06-10 04:00,677.52,Card,GB,SME,Financial Services,49,0
TX001326,2024-06-26 23:00,428.07,Wire,AE,Corporate,Crypto,52,0
TX001327,2024-01-11 03:00,907.85,ACH,DE,Retail,Real Estate,93,0
TX001328,2024-07-15 12:00,745.03,Card,SG,Retail,Gambling,52,0
TX001329,2024-01-12 01:00,81.13,ACH,DE,SME,Real Estate,60,0
TX001330,2024-02-12 06:00,249.3,SWIFT,GB,HNW,Gambling,22,0
TX001331,2024-01-12 07:00,820.09,Crypto,KY,Retail,Retail,96,0
TX001332,2024-01-08 05:00,102.14,Wire,KY,SME,Retail,79,0
TX001333,2024-05-12 06:00,381.49,ACH,CN,SME,Crypto,51,0
TX001334,2024-03-23 19:00,186.89,Crypto,RU,Retail,Retail,83,0
TX001335,2024-01-14 13:00,480.88,Crypto,CN,Retail,Financial Services,27,0
TX001336,2024-05-27 07:00,1288.9,Card,US,SME,Crypto,48,0
TX001337,2024-06-06 20:00,101.69,Wire,AE,SME,Retail,41,0
TX001338,2024-01-16 02:00,2092.18,Crypto,SG,Corporate,Real Estate,18,0
TX001339,2024-01-18 00:00,312.95,Card,RU,SME,Financial Services,55,0
TX001340,2024-04-14 02:00,13070.17,Crypto,CN,HNW,Retail,32,0
TX001341,2024-05-21 13:00,134.19,Card,KY,HNW,Financial Services,25,0
TX001342,2024-05-27 22:00,915.84,ACH,CN,Retail,Crypto,96,0
TX001343,2024-05-15 11:00,2347.1,Crypto,DE,Corporate,Crypto,38,0
TX001344,2024-04-13 07:00,17.77,SWIFT,DE,Corporate,Retail,25,0
TX001345,2024-03-28 00:00,886.16,Crypto,US,HNW,Gambling,2,0
TX001346,2024-06-30 09:00,174.85,Wire,SG,Corporate,Gambling,13,1
TX001347,2024-06-18 04:00,1147.84,Crypto,KY,HNW,Financial Services,29,0
TX001348,2024-01-18 16:00,287.83,Card,CN,Corporate,Real Estate,3,0
TX001349,2024-05-02 06:00,334.8,Card,RU,Retail,Gambling,20,0
TX001350,2024-02-13 12:00,4323.43,Card,KY,Retail,Gambling,43,0
TX001351,2024-04-01 10:00,1092.72,Wire,US,HNW,Retail,9,0
TX001352,2024-03-05 01:00,409.05,Wire,RU,SME,Crypto,13,0
TX001353,2024-03-07 16:00,708.62,ACH,DE,SME,Retail,50,0
TX001354,2024-02-09 15:00,308.43,SWIFT,RU,Corporate,Crypto,96,0
TX001355,2024-01-11 05:00,429.81,SWIFT,RU,HNW,Financial Services,96,0
TX001356,2024-06-11 09:00,1869.19,Wire,CN,Corporate,Financial Services,57,0
TX001357,2024-03-10 12:00,125.45,SWIFT,KY,HNW,Real Estate,89,0
TX001358,2024-03-15 21:00,99.13,Card,CN,HNW,Crypto,27,0
TX001359,2024-07-03 00:00,307.17,SWIFT,RU,Retail,Retail,43,0
TX001360,2024-05-07 22:00,9396.31,Wire,SG,SME,Real Estate,21,0
TX001361,2024-04-20 06:00,1708.89,Wire,RU,SME,Real Estate,2,0
TX001362,2024-06-16 18:00,688.65,Card,RU,HNW,Crypto,51,0
TX001363,2024-03-25 23:00,72.78,Card,RU,HNW,Retail,42,0
TX001364,2024-04-01 02:00,168.65,Crypto,GB,Corporate,Retail,90,0
TX001365,2024-03-01 01:00,109.26,Wire,CN,HNW,Gambling,0,0
TX001366,2024-04-14 17:00,352.27,Card,AE,Corporate,Real Estate,5,0
TX001367,2024-01-07 18:00,446.67,Card,KY,HNW,Gambling,94,0
TX001368,2024-03-31 02:00,754.68,Card,AE,Corporate,Real Estate,63,0
TX001369,2024-02-10 09:00,310.67,Card,SG,SME,Gambling,5,0
TX001370,2024-02-23 00:00,246.88,SWIFT,US,Retail,Crypto,10,0
TX001371,2024-02-17 15:00,897.27,Wire,AE,Corporate,Retail,36,0
TX001372,2024-02-11 19:00,1525.22,SWIFT,US,SME,Crypto,37,0
TX001373,2024-05-11 03:00,266.97,Card,GB,SME,Gambling,77,0
TX001374,2024-02-14 04:00,129.37,Card,US,Corporate,Retail,49,0
TX001375,2024-04-26 19:00,2392.24,Wire,GB,HNW,Crypto,81,0
TX001376,2024-03-02 05:00,175.29,SWIFT,SG,Corporate,Crypto,71,0
TX001377,2024-02-28 05:00,100.71,Wire,US,Retail,Financial Services,84,0
TX001378,2024-06-08 16:00,133.55,Crypto,CN,Corporate,Crypto,58,0
TX001379,2024-01-02 03:00,1058.79,SWIFT,AE,SME,Retail,98,0
TX001380,2024-03-04 08:00,747.98,ACH,DE,Corporate,Retail,46,0
TX001381,2024-06-11 02:00,3110.42,ACH,RU,HNW,Retail,28,0
TX001382,2024-06-30 01:00,255.09,Card,AE,SME,Real Estate,43,0
TX001383,2024-02-28 22:00,1051.16,Card,DE,SME,Retail,49,0
TX001384,2024-02-21 00:00,1249.55,SWIFT,AE,Corporate,Real Estate,35,0
TX001385,2024-03-22 07:00,604.54,Crypto,KY,Retail,Financial Services,16,0
TX001386,2024-03-22 19:00,64.37,ACH,DE,HNW,Real Estate,26,0
TX001387,2024-05-18 15:00,607.8,SWIFT,DE,HNW,Retail,59,0
TX001388,2024-01-17 21:00,4373.08,ACH,KY,HNW,Crypto,94,0
TX001389,2024-06-23 18:00,3028.98,Card,RU,Corporate,Retail,3,0
TX001390,2024-03-08 19:00,156.89,Card,US,Corporate,Financial Services,67,0
TX001391,2024-02-20 20:00,158.3,Card,US,Retail,Financial Services,34,0
TX001392,2024-05-31 19:00,274.0,Crypto,KY,SME,Crypto,50,0
TX001393,2024-04-12 18:00,79.38,Card,KY,Retail,Real Estate,11,0
TX001394,2024-05-21 23:00,68.35,Card,CN,HNW,Retail,14,0
TX001395,2024-01-12 07:00,182.21,Card,GB,Retail,Real Estate,89,0
TX001396,2024-01-09 09:00,1586.23,ACH,AE,Corporate,Financial Services,81,0
TX001397,2024-03-03 18:00,73.92,SWIFT,RU,SME,Crypto,50,0
TX001398,2024-06-01 23:00,645.28,Card,GB,Retail,Crypto,89,0
TX001399,2024-06-23 04:00,1988.58,ACH,US,Corporate,Gambling,17,0
TX001400,2024-05-14 01:00,777.95,ACH,AE,SME,Real Estate,93,0
TX001401,2024-01-08 17:00,3411.89,Card,GB,SME,Retail,79,0
TX001402,2024-06-23 06:00,101.59,Wire,US,Retail,Retail,1,0
TX001403,2024-05-25 02:00,587.73,SWIFT,SG,Corporate,Retail,64,0
TX001404,2024-01-05 17:00,88.4,Card,KY,HNW,Retail,46,0
TX001405,2024-04-17 08:00,773.92,Card,SG,Retail,Real Estate,49,0
TX001406,2024-04-01 22:00,1701.77,Wire,RU,Retail,Retail,72,0
TX001407,2024-01-18 09:00,57.83,Wire,US,SME,Financial Services,36,0
TX001408,2024-05-25 19:00,55.94,Crypto,SG,Retail,Crypto,51,0
TX001409,2024-06-07 13:00,253.68,Card,US,Corporate,Retail,36,0
TX001410,2024-05-28 05:00,1598.64,Card,SG,Corporate,Crypto,18,0
TX001411,2024-02-17 06:00,252.42,Card,CN,Corporate,Financial Services,48,0
TX001412,2024-01-23 00:00,2097.32,Crypto,RU,Corporate,Financial Services,18,0
TX001413,2024-01-31 16:00,161.96,SWIFT,SG,HNW,Gambling,45,0
TX001414,2024-05-18 12:00,173.86,ACH,CN,SME,Financial Services,51,0
TX001415,2024-03-21 23:00,196.83,Wire,RU,SME,Real Estate,25,0
TX001416,2024-03-31 10:00,32.26,ACH,KY,Retail,Gambling,66,0
TX001417,2024-05-14 14:00,1480.06,Card,SG,Corporate,Financial Services,89,0
TX001418,2024-01-16 17:00,348.7,SWIFT,US,HNW,Retail,10,0
TX001419,2024-04-28 23:00,1555.49,Crypto,SG,Corporate,Gambling,64,0
TX001420,2024-06-04 14:00,215.7,ACH,US,SME,Real Estate,89,0
TX001421,2024-03-27 13:00,782.46,Card,KY,SME,Gambling,0,0
TX001422,2024-04-09 05:00,108.57,Card,AE,HNW,Real Estate,39,0
TX001423,2024-02-01 09:00,537.26,Card,KY,HNW,Crypto,59,0
TX001424,2024-03-20 19:00,897.96,Wire,CN,HNW,Retail,25,0
TX001425,2024-02-12 12:00,14.48,SWIFT,DE,Corporate,Crypto,53,0
TX001426,2024-01-28 19:00,414.61,Card,DE,SME,Retail,40,0
TX001427,2024-02-10 22:00,415.23,ACH,DE,SME,Real Estate,39,0
TX001428,2024-06-28 20:00,649.28,Wire,RU,HNW,Financial Services,88,0
TX001429,2024-02-06 19:00,720.13,Wire,KY,Retail,Retail,23,0
TX001430,2024-02-05 07:00,423.27,Wire,US,Retail,Real Estate,89,0
TX001431,2024-06-28 09:00,252.55,Wire,KY,Retail,Real Estate,34,0
TX001432,2024-02-12 19:00,1167.97,Wire,US,SME,Real Estate,8,0
TX001433,2024-06-09 22:00,302.14,Card,DE,Corporate,Real Estate,5,0
TX001434,2024-07-10 16:00,565.49,Wire,GB,Retail,Real Estate,57,0
TX001435,2024-03-05 04:00,371.48,Card,KY,HNW,Gambling,78,0
TX001436,2024-04-01 11:00,2498.6,Card,US,Corporate,Financial Services,66,0
TX001437,2024-07-05 02:00,184.66,SWIFT,DE,SME,Gambling,5,0
TX001438,2024-03-11 13:00,1521.24,SWIFT,KY,Corporate,Financial Services,71,0
TX001439,2024-03-31 11:00,339.88,Card,RU,Retail,Retail,42,0
TX001440,2024-06-11 07:00,117.91,Crypto,CN,HNW,Gambling,97,0
TX001441,2024-05-15 08:00,927.96,Card,AE,Retail,Retail,9,0
TX001442,2024-01-08 02:00,135.88,Card,SG,HNW,Financial Services,50,0
TX001443,2024-03-15 18:00,594.43,Wire,SG,Retail,Retail,37,0
TX001444,2024-01-24 15:00,92.03,Wire,SG,SME,Financial Services,26,0
TX001445,2024-05-08 00:00,1739.48,Wire,CN,Retail,Retail,12,0
TX001446,2024-04-14 05:00,152.1,Card,RU,HNW,Crypto,20,0
TX001447,2024-03-31 15:00,602.91,ACH,KY,Retail,Crypto,8,0
TX001448,2024-05-05 07:00,485.47,Card,SG,Corporate,Real Estate,63,0
TX001449,2024-05-14 01:00,276.78,Card,SG,Retail,Gambling,32,0
TX001450,2024-04-06 15:00,1175.43,Card,SG,HNW,Crypto,29,0
TX001451,2024-04-29 15:00,95.35,ACH,RU,Corporate,Real Estate,65,1
TX001452,2024-01-07 09:00,1271.72,Wire,SG,HNW,Retail,97,0
TX001453,2024-01-12 19:00,258.39,Card,SG,SME,Financial Services,15,0
TX001454,2024-04-13 19:00,435.58,Wire,US,HNW,Financial Services,56,0
TX001455,2024-06-18 22:00,538.72,ACH,KY,Corporate,Real Estate,46,0
TX001456,2024-06-29 04:00,218.47,Card,SG,Retail,Retail,58,0
TX001457,2024-05-03 04:00,3703.07,ACH,KY,HNW,Crypto,17,0
TX001458,2024-07-06 14:00,861.21,Crypto,US,Corporate,Crypto,94,0
TX001459,2024-02-29 14:00,411.66,Card,KY,HNW,Retail,79,0
TX001460,2024-03-22 22:00,142.59,ACH,SG,HNW,Real Estate,83,0
TX001461,2024-04-04 07:00,217.51,SWIFT,DE,HNW,Crypto,40,0
TX001462,2024-06-15 20:00,94.17,ACH,AE,HNW,Retail,85,0
TX001463,2024-02-12 20:00,597.61,SWIFT,GB,SME,Gambling,79,0
TX001464,2024-05-11 16:00,234.08,SWIFT,DE,SME,Crypto,66,0
TX001465,2024-06-18 16:00,271.74,SWIFT,CN,Corporate,Real Estate,17,0
TX001466,2024-01-15 10:00,27.98,SWIFT,CN,Retail,Real Estate,30,0
TX001467,2024-02-06 15:00,1156.43,Wire,DE,SME,Retail,61,0
TX001468,2024-06-25 06:00,3211.82,ACH,CN,HNW,Real Estate,18,0
TX001469,2024-01-17 13:00,82.73,SWIFT,CN,HNW,Gambling,34,0
TX001470,2024-01-30 10:00,866.67,Card,DE,Corporate,Real Estate,85,0
TX001471,2024-07-02 14:00,126.87,Wire,DE,Retail,Gambling,21,0
TX001472,2024-03-29 00:00,194.15,Card,RU,SME,Real Estate,48,0
TX001473,2024-06-11 04:00,544.75,Wire,RU,SME,Real Estate,65,0
TX001474,2024-02-29 06:00,112.14,Card,GB,Retail,Financial Services,68,0
TX001475,2024-05-24 03:00,163.86,Card,DE,Corporate,Financial Services,75,0
TX001476,2024-01-26 18:00,390.86,Wire,DE,SME,Crypto,51,0
TX001477,2024-03-30 23:00,160.86,SWIFT,SG,SME,Financial Services,51,0
TX001478,2024-03-04 20:00,610.61,Wire,US,SME,Real Estate,33,0
TX001479,2024-07-19 23:00,1046.01,Card,RU,Corporate,Gambling,47,0
TX001480,2024-06-09 06:00,283.59,Card,GB,SME,Gambling,43,0
TX001481,2024-04-17 02:00,441.33,Card,CN,Retail,Financial Services,35,0
TX001482,2024-04-11 18:00,980.56,SWIFT,KY,SME,Gambling,23,0
TX001483,2024-02-28 09:00,694.73,Wire,GB,Corporate,Real Estate,63,0
TX001484,2024-04-16 22:00,164.89,Card,RU,Retail,Crypto,30,0
TX001485,2024-03-15 11:00,375.84,Wire,GB,Retail,Financial Services,51,0
TX001486,2024-05-20 19:00,490.54,Wire,AE,Retail,Crypto,75,0
TX001487,2024-01-08 20:00,112.26,SWIFT,CN,Corporate,Real Estate,94,0
TX001488,2024-05-05 12:00,1309.83,Card,RU,Retail,Real Estate,54,0
TX001489,2024-04-25 23:00,378.76,Card,GB,Corporate,Financial Services,28,0
TX001490,2024-02-17 01:00,1146.54,SWIFT,US,HNW,Crypto,95,0
TX001491,2024-04-10 02:00,113.31,Wire,KY,SME,Crypto,93,0
TX001492,2024-06-04 05:00,162.26,ACH,GB,Corporate,Retail,86,0
TX001493,2024-02-29 02:00,2670.74,Wire,AE,Corporate,Crypto,74,0
TX001494,2024-04-02 07:00,26.3,Card,DE,SME,Crypto,35,0
TX001495,2024-02-27 07:00,436.21,SWIFT,DE,Retail,Gambling,33,0
TX001496,2024-06-24 02:00,649.19,Crypto,SG,SME,Real Estate,83,0
TX001497,2024-07-06 14:00,641.01,Card,KY,Corporate,Gambling,98,0
TX001498,2024-01-18 01:00,150.71,Crypto,SG,HNW,Financial Services,48,0
TX001499,2024-01-22 01:00,5690.09,Card,SG,HNW,Gambling,92,0
TX001500,2024-01-04 01:00,2961.68,SWIFT,DE,Corporate,Gambling,38,0
TX001501,2024-03-19 14:00,106.36,Card,RU,Corporate,Crypto,36,0
TX001502,2024-04-03 17:00,87.1,Card,GB,SME,Real Estate,82,0
TX001503,2024-02-05 12:00,521.48,Card,DE,HNW,Gambling,75,0
TX001504,2024-06-23 15:00,4179.93,ACH,GB,SME,Real Estate,58,0
TX001505,2024-03-06 06:00,307.43,Card,US,HNW,Gambling,32,0
TX001506,2024-02-24 06:00,119.12,Card,DE,SME,Gambling,20,0
TX001507,2024-04-25 18:00,559.06,ACH,AE,HNW,Financial Services,61,0
TX001508,2024-01-16 19:00,885.35,Crypto,DE,SME,Crypto,45,0
TX001509,2024-01-01 18:00,306.52,SWIFT,US,HNW,Crypto,24,0
TX001510,2024-07-11 05:00,217.79,Crypto,AE,SME,Crypto,4,0
TX001511,2024-04-28 21:00,628.47,Card,DE,SME,Real Estate,23,0
TX001512,2024-02-15 08:00,340.76,Crypto,KY,Corporate,Real Estate,81,0
TX001513,2024-02-23 08:00,85.16,ACH,US,Corporate,Gambling,5,0
TX001514,2024-04-17 06:00,115.16,SWIFT,US,HNW,Financial Services,21,0
TX001515,2024-01-21 14:00,2146.63,ACH,US,Corporate,Real Estate,46,0
TX001516,2024-04-24 06:00,90.57,Wire,KY,SME,Gambling,44,0
TX001517,2024-05-16 15:00,399.8,SWIFT,GB,Corporate,Crypto,53,0
TX001518,2024-06-14 04:00,162.98,ACH,KY,Corporate,Gambling,99,0
TX001519,2024-01-28 00:00,865.02,Card,SG,Retail,Financial Services,76,0
TX001520,2024-03-27 06:00,263.43,Wire,CN,Retail,Crypto,65,0
TX001521,2024-05-31 22:00,331.71,Card,SG,Retail,Crypto,69,0
TX001522,2024-03-31 06:00,1464.2,Card,GB,Corporate,Gambling,50,0
TX001523,2024-03-21 20:00,53.15,Card,SG,HNW,Gambling,40,0
TX001524,2024-07-16 02:00,265.86,ACH,RU,Corporate,Financial Services,2,0
TX001525,2024-04-12 10:00,485.61,Card,DE,Retail,Real Estate,33,0
TX001526,2024-04-05 02:00,251.33,ACH,CN,HNW,Retail,77,0
TX001527,2024-06-27 15:00,5703.75,SWIFT,RU,Corporate,Real Estate,10,0
TX001528,2024-05-19 20:00,1899.07,Wire,DE,Retail,Financial Services,48,0
TX001529,2024-04-09 03:00,306.53,Card,CN,Retail,Retail,65,0
TX001530,2024-04-01 13:00,538.79,Card,KY,Retail,Gambling,35,0
TX001531,2024-04-03 00:00,704.72,Crypto,KY,Corporate,Crypto,52,0
TX001532,2024-05-13 23:00,212.45,Wire,SG,Retail,Crypto,16,0
TX001533,2024-07-09 09:00,61.47,Card,CN,Retail,Crypto,66,0
TX001534,2024-01-19 04:00,155.71,Wire,SG,Corporate,Retail,20,0
TX001535,2024-01-27 14:00,1878.57,ACH,GB,HNW,Real Estate,6,0
TX001536,2024-02-07 08:00,471.41,Wire,KY,Corporate,Retail,23,0
TX001537,2024-06-02 19:00,377.3,Crypto,RU,Retail,Real Estate,37,0
TX001538,2024-01-22 20:00,68.37,ACH,DE,SME,Crypto,42,0
TX001539,2024-07-10 21:00,172.83,Card,AE,Corporate,Crypto,9,0
TX001540,2024-04-18 15:00,190.12,Card,RU,Corporate,Real Estate,1,0
TX001541,2024-03-30 22:00,187.71,ACH,DE,HNW,Gambling,51,0
TX001542,2024-06-12 11:00,465.44,Wire,DE,SME,Gambling,80,0
TX001543,2024-02-28 08:00,3547.94,ACH,DE,Retail,Crypto,72,0
TX001544,2024-04-27 04:00,1667.92,Crypto,KY,Corporate,Crypto,32,0
TX001545,2024-05-09 10:00,116.16,Card,DE,SME,Retail,28,0
TX001546,2024-06-27 15:00,114.39,Crypto,KY,Corporate,Real Estate,43,0
TX001547,2024-05-06 20:00,147.33,Crypto,KY,HNW,Crypto,33,0
TX001548,2024-01-08 21:00,388.94,Card,KY,HNW,Real Estate,49,0
TX001549,2024-06-23 09:00,145.81,Wire,RU,Retail,Real Estate,33,0
TX001550,2024-05-16 22:00,201.0,Wire,DE,Corporate,Gambling,69,0
TX001551,2024-05-05 19:00,158.33,ACH,RU,Retail,Gambling,5,0
TX001552,2024-01-09 19:00,949.77,Card,KY,SME,Gambling,31,0
TX001553,2024-05-20 14:00,1903.42,Wire,CN,HNW,Retail,1,0
TX001554,2024-04-12 20:00,358.64,Card,US,Corporate,Gambling,70,0
TX001555,2024-03-15 17:00,404.78,Card,GB,HNW,Financial Services,93,0
TX001556,2024-06-28 04:00,248.28,SWIFT,RU,Corporate,Crypto,49,0
TX001557,2024-05-31 02:00,183.39,Wire,US,HNW,Crypto,75,0
TX001558,2024-07-03 05:00,298.22,SWIFT,KY,SME,Financial Services,53,0
TX001559,2024-03-06 01:00,76.54,SWIFT,AE,HNW,Financial Services,42,0
TX001560,2024-02-21 04:00,73.75,Card,DE,HNW,Real Estate,76,0
TX001561,2024-01-17 03:00,179.28,Card,DE,Retail,Crypto,41,0
TX001562,2024-06-01 21:00,132.0,ACH,US,SME,Real Estate,52,0
TX001563,2024-05-29 11:00,311.28,Crypto,CN,Retail,Gambling,83,0
TX001564,2024-01-18 08:00,112.76,SWIFT,GB,Corporate,Financial Services,46,0
TX001565,2024-02-08 17:00,847.79,Card,AE,SME,Financial Services,62,0
TX001566,2024-07-13 03:00,262.81,Card,DE,Retail,Retail,75,0
TX001567,2024-03-03 17:00,73.19,Crypto,RU,Retail,Gambling,38,0
TX001568,2024-04-28 11:00,94.61,Wire,RU,SME,Gambling,82,0
TX001569,2024-03-07 20:00,385.03,ACH,DE,HNW,Crypto,15,0
TX001570,2024-02-10 07:00,953.8,Card,KY,Retail,Retail,85,0
TX001571,2024-06-12 00:00,1777.54,ACH,GB,HNW,Retail,66,0
TX001572,2024-04-02 01:00,350.74,Card,SG,Corporate,Crypto,0,0
TX001573,2024-05-02 04:00,270.93,Card,KY,HNW,Financial Services,43,0
TX001574,2024-02-29 09:00,452.19,Wire,AE,HNW,Gambling,89,0
TX001575,2024-03-19 09:00,380.4,Wire,DE,Corporate,Financial Services,35,0
TX001576,2024-06-15 17:00,75.75,ACH,SG,Corporate,Retail,29,0
TX001577,2024-03-17 09:00,86.02,Crypto,CN,Corporate,Crypto,12,0
TX001578,2024-03-18 01:00,59.6,Wire,SG,Retail,Real Estate,25,0
TX001579,2024-03-13 23:00,464.92,Card,US,SME,Gambling,46,0
TX001580,2024-03-09 00:00,1780.54,Card,US,HNW,Gambling,35,0
TX001581,2024-06-04 17:00,88.63,ACH,AE,Corporate,Crypto,8,0
TX001582,2024-05-29 13:00,471.19,Card,CN,Retail,Retail,63,0
TX001583,2024-01-27 12:00,1007.2,Wire,CN,HNW,Real Estate,26,0
TX001584,2024-07-18 00:00,188.35,Card,RU,Retail,Gambling,57,0
TX001585,2024-01-12 05:00,141.72,Wire,CN,SME,Financial Services,56,0
TX001586,2024-05-21 00:00,3629.91,Card,SG,HNW,Retail,25,0
TX001587,2024-01-26 22:00,429.46,Card,US,Corporate,Gambling,85,0
TX001588,2024-05-06 18:00,1769.41,Wire,US,Retail,Real Estate,73,0
TX001589,2024-02-03 03:00,225.95,Card,KY,Retail,Financial Services,46,0
TX001590,2024-01-30 14:00,30.14,ACH,CN,SME,Retail,59,0
TX001591,2024-05-26 09:00,143.48,ACH,KY,Retail,Real Estate,0,0
TX001592,2024-06-09 13:00,39.29,Wire,DE,HNW,Gambling,6,1
TX001593,2024-06-19 19:00,1007.84,ACH,CN,HNW,Real Estate,73,0
TX001594,2024-05-09 02:00,581.06,Wire,US,HNW,Real Estate,26,0
TX001595,2024-05-06 11:00,1026.5,Card,RU,SME,Gambling,16,0
TX001596,2024-06-29 17:00,1622.01,ACH,DE,SME,Retail,13,0
TX001597,2024-03-10 09:00,824.89,Wire,RU,Retail,Real Estate,34,0
TX001598,2024-04-02 18:00,123.7,Card,KY,Retail,Real Estate,51,0
TX001599,2024-03-12 10:00,1953.71,ACH,KY,SME,Retail,32,0
TX001600,2024-05-30 03:00,171.76,ACH,SG,HNW,Retail,96,0
TX001601,2024-02-18 03:00,913.31,Card,DE,Corporate,Retail,84,0
TX001602,2024-04-01 14:00,506.8,Wire,CN,SME,Retail,77,0
TX001603,2024-03-22 09:00,327.51,Card,AE,HNW,Crypto,32,0
TX001604,2024-04-24 18:00,883.97,Card,US,Corporate,Gambling,85,0
TX001605,2024-02-07 16:00,12.64,Wire,SG,Corporate,Gambling,9,0
TX001606,2024-01-02 22:00,940.53,ACH,GB,SME,Retail,72,0
TX001607,2024-01-03 04:00,1704.67,Wire,DE,SME,Real Estate,79,0
TX001608,2024-02-10 05:00,135.5,Card,RU,Corporate,Financial Services,41,0
TX001609,2024-02-03 00:00,135.4,Card,US,Corporate,Crypto,50,0
TX001610,2024-05-01 19:00,315.83,ACH,KY,Corporate,Financial Services,86,0
TX001611,2024-01-08 01:00,548.2,Wire,US,SME,Financial Services,43,0
TX001612,2024-02-13 18:00,1170.95,ACH,DE,Retail,Financial Services,2,0
TX001613,2024-04-01 01:00,127.07,Wire,SG,SME,Financial Services,31,1
TX001614,2024-02-04 17:00,11593.4,ACH,DE,Retail,Crypto,74,0
TX001615,2024-03-11 04:00,281.38,Wire,SG,SME,Crypto,42,0
TX001616,2024-03-09 09:00,463.3,Card,GB,HNW,Crypto,40,0
TX001617,2024-03-06 14:00,1724.17,Card,CN,Corporate,Retail,97,0
TX001618,2024-06-21 12:00,534.06,ACH,AE,Corporate,Crypto,28,1
TX001619,2024-06-30 12:00,846.63,Card,SG,HNW,Crypto,17,0
TX001620,2024-07-19 07:00,24.75,Card,GB,Retail,Gambling,67,0
TX001621,2024-04-14 08:00,2564.34,ACH,SG,Retail,Real Estate,58,0
TX001622,2024-07-12 03:00,226.33,Wire,KY,SME,Financial Services,23,0
TX001623,2024-01-10 18:00,184.72,Crypto,GB,SME,Crypto,22,0
TX001624,2024-07-14 08:00,140.08,Card,SG,HNW,Retail,13,0
TX001625,2024-07-19 18:00,177.01,Card,RU,Corporate,Crypto,15,0
TX001626,2024-02-16 13:00,1809.06,Wire,RU,Retail,Retail,13,0
TX001627,2024-05-17 10:00,326.93,Card,GB,HNW,Crypto,24,0
TX001628,2024-07-06 01:00,983.37,Card,CN,Corporate,Financial Services,24,0
TX001629,2024-02-11 05:00,55.28,Card,US,Retail,Crypto,4,0
TX001630,2024-04-30 23:00,65.99,Card,US,SME,Real Estate,17,0
TX001631,2024-06-24 07:00,2314.91,Wire,DE,Retail,Retail,69,0
TX001632,2024-05-04 11:00,322.14,Wire,RU,HNW,Financial Services,39,0
TX001633,2024-02-20 03:00,67.82,ACH,GB,Corporate,Retail,40,0
TX001634,2024-02-04 17:00,327.27,SWIFT,AE,Corporate,Real Estate,42,0
TX001635,2024-03-29 12:00,424.21,Card,DE,Retail,Crypto,20,0
TX001636,2024-01-13 22:00,507.68,Wire,KY,Corporate,Crypto,80,0
TX001637,2024-04-10 06:00,565.62,Card,AE,Retail,Retail,88,0
TX001638,2024-04-26 13:00,504.31,Crypto,KY,Corporate,Financial Services,24,0
TX001639,2024-07-09 14:00,119.56,Card,CN,SME,Financial Services,4,0
TX001640,2024-07-13 22:00,153.84,ACH,DE,Retail,Retail,29,1
TX001641,2024-04-26 17:00,544.24,Wire,AE,Retail,Financial Services,73,0
TX001642,2024-01-14 04:00,6394.44,SWIFT,US,SME,Real Estate,98,0
TX001643,2024-04-12 09:00,81.51,Card,DE,SME,Retail,96,0
TX001644,2024-06-10 11:00,1018.07,Card,AE,HNW,Retail,32,0
TX001645,2024-06-12 03:00,258.68,Card,CN,HNW,Crypto,70,0
TX001646,2024-02-15 19:00,139.51,Card,AE,Corporate,Crypto,64,0
TX001647,2024-03-01 23:00,150.15,Card,RU,Retail,Crypto,45,0
TX001648,2024-02-25 13:00,2780.17,Wire,DE,SME,Retail,99,0
TX001649,2024-01-21 04:00,833.05,Wire,US,Retail,Retail,59,0
TX001650,2024-01-17 02:00,384.84,Card,US,Corporate,Real Estate,15,0
TX001651,2024-04-10 12:00,895.42,Wire,DE,HNW,Financial Services,9,0
TX001652,2024-06-16 20:00,36.9,Wire,RU,Corporate,Gambling,54,0
TX001653,2024-04-19 18:00,741.87,SWIFT,SG,HNW,Financial Services,65,0
TX001654,2024-02-22 08:00,2609.61,Card,SG,HNW,Retail,39,0
TX001655,2024-07-18 22:00,872.3,Card,CN,Retail,Gambling,81,0
TX001656,2024-06-15 22:00,225.14,SWIFT,CN,Retail,Gambling,11,0
TX001657,2024-06-29 02:00,211.16,ACH,SG,Retail,Crypto,14,1
TX001658,2024-01-09 15:00,280.95,Card,DE,Corporate,Gambling,34,0
TX001659,2024-01-06 09:00,1329.73,ACH,RU,SME,Real Estate,42,0
TX001660,2024-05-20 11:00,196.74,Crypto,KY,SME,Gambling,38,0
TX001661,2024-05-12 20:00,109.01,ACH,SG,HNW,Retail,100,0
TX001662,2024-06-30 19:00,205.7,Wire,CN,HNW,Gambling,77,0
TX001663,2024-01-21 06:00,102.8,ACH,DE,SME,Retail,70,0
TX001664,2024-03-03 05:00,1278.79,Card,KY,Retail,Financial Services,81,0
TX001665,2024-03-16 01:00,328.86,Card,GB,Retail,Real Estate,59,0
TX001666,2024-01-23 20:00,720.68,Card,GB,HNW,Financial Services,4,0
TX001667,2024-07-11 08:00,16.25,Wire,CN,HNW,Gambling,58,0
TX001668,2024-04-14 04:00,149.11,Card,AE,SME,Retail,13,0
TX001669,2024-01-10 22:00,905.37,Crypto,KY,SME,Crypto,60,0
TX001670,2024-01-14 15:00,10.18,Card,SG,HNW,Gambling,85,0
TX001671,2024-04-02 15:00,92.68,Wire,KY,Retail,Financial Services,91,0
TX001672,2024-04-30 10:00,210.53,Wire,GB,Corporate,Real Estate,45,0
TX001673,2024-02-27 05:00,911.63,Card,AE,HNW,Crypto,98,0
TX001674,2024-02-15 09:00,227.07,Wire,GB,Retail,Gambling,96,0
TX001675,2024-06-03 05:00,272.12,Card,SG,Corporate,Gambling,43,0
TX001676,2024-05-16 23:00,853.97,Wire,SG,HNW,Crypto,69,0
TX001677,2024-05-25 14:00,490.23,Crypto,KY,Retail,Crypto,17,0
TX001678,2024-07-11 20:00,2366.26,Card,US,Corporate,Crypto,59,0
TX001679,2024-02-14 13:00,84.61,Card,SG,HNW,Gambling,74,0
TX001680,2024-04-24 01:00,5.79,Card,AE,Retail,Retail,88,0
TX001681,2024-02-12 23:00,385.97,Card,GB,Retail,Crypto,96,0
TX001682,2024-04-03 20:00,3987.95,Card,AE,HNW,Real Estate,94,0
TX001683,2024-03-18 09:00,1295.3,SWIFT,AE,SME,Crypto,78,0
TX001684,2024-07-09 15:00,1425.39,Wire,DE,Retail,Gambling,76,0
TX001685,2024-02-12 23:00,176.45,Wire,KY,Corporate,Crypto,81,0
TX001686,2024-07-19 10:00,966.04,Card,KY,Corporate,Financial Services,11,0
TX001687,2024-06-10 12:00,211.83,ACH,SG,Retail,Crypto,48,0
TX001688,2024-01-23 12:00,151.69,Card,SG,SME,Crypto,78,0
TX001689,2024-07-12 08:00,17.84,Card,RU,Corporate,Crypto,53,0
TX001690,2024-03-30 23:00,2556.78,Card,RU,HNW,Crypto,73,0
TX001691,2024-07-02 04:00,17.2,Card,KY,HNW,Crypto,21,0
TX001692,2024-06-10 01:00,5583.16,ACH,AE,SME,Crypto,64,0
TX001693,2024-03-26 21:00,211.84,ACH,AE,HNW,Crypto,50,0
TX001694,2024-02-17 03:00,2422.09,Card,KY,SME,Crypto,36,0
TX001695,2024-02-16 18:00,190.48,Crypto,SG,SME,Gambling,87,0
TX001696,2024-04-10 07:00,96.96,ACH,RU,SME,Financial Services,47,0
TX001697,2024-07-07 23:00,3373.79,Card,KY,SME,Crypto,1,0
TX001698,2024-03-08 23:00,667.81,Crypto,GB,HNW,Financial Services,72,0
TX001699,2024-02-05 00:00,1390.59,Card,US,SME,Financial Services,37,0
TX001700,2024-05-26 21:00,927.52,Card,US,SME,Financial Services,55,0
TX001701,2024-05-19 16:00,680.41,SWIFT,SG,HNW,Real Estate,89,0
TX001702,2024-01-23 04:00,299.24,Card,DE,Corporate,Real Estate,11,0
TX001703,2024-03-22 08:00,69.69,Crypto,DE,SME,Gambling,86,0
TX001704,2024-03-25 12:00,70.9,Wire,US,SME,Real Estate,89,0
TX001705,2024-06-19 19:00,368.09,Wire,CN,SME,Crypto,30,0
TX001706,2024-06-12 13:00,2851.39,ACH,KY,Retail,Crypto,44,0
TX001707,2024-06-15 10:00,192.54,ACH,US,HNW,Crypto,42,0
TX001708,2024-05-11 13:00,62.35,Card,KY,Retail,Gambling,25,0
TX001709,2024-05-12 10:00,66.35,Card,AE,HNW,Gambling,18,0
TX001710,2024-06-11 19:00,1324.5,Card,GB,Corporate,Financial Services,32,0
TX001711,2024-01-31 09:00,670.6,SWIFT,GB,Retail,Gambling,11,0
TX001712,2024-03-15 20:00,3196.64,Card,AE,Retail,Gambling,22,0
TX001713,2024-03-06 14:00,145.6,Card,SG,HNW,Real Estate,9,0
TX001714,2024-05-20 10:00,813.02,SWIFT,KY,SME,Financial Services,33,0
TX001715,2024-05-21 05:00,503.39,Card,CN,HNW,Financial Services,81,0
TX001716,2024-05-12 19:00,6090.75,Card,RU,HNW,Crypto,53,0
TX001717,2024-01-01 04:00,622.98,Card,CN,Retail,Crypto,75,0
TX001718,2024-06-24 13:00,528.29,Wire,GB,HNW,Financial Services,37,0
TX001719,2024-06-15 03:00,4367.55,SWIFT,GB,Retail,Gambling,21,0
TX001720,2024-02-18 20:00,347.53,Card,KY,Retail,Real Estate,48,0
TX001721,2024-07-04 05:00,28.86,ACH,AE,Corporate,Gambling,68,0
TX001722,2024-06-04 16:00,581.79,Card,DE,SME,Financial Services,90,0
TX001723,2024-05-24 05:00,15209.49,Crypto,GB,HNW,Crypto,33,0
TX001724,2024-05-26 12:00,661.91,Card,US,Retail,Gambling,35,0
TX001725,2024-04-16 08:00,533.82,Card,US,Corporate,Financial Services,73,0
TX001726,2024-04-30 04:00,574.84,Card,US,Retail,Crypto,93,0
TX001727,2024-05-11 21:00,148.71,Card,AE,SME,Financial Services,67,0
TX001728,2024-07-11 08:00,128.67,Wire,RU,SME,Retail,84,0
TX001729,2024-04-18 07:00,1200.91,Wire,US,Corporate,Crypto,86,0
TX001730,2024-01-20 04:00,1232.19,Card,AE,SME,Gambling,40,0
TX001731,2024-07-08 17:00,25.88,Card,SG,HNW,Gambling,23,0
TX001732,2024-05-30 06:00,1598.93,Wire,RU,Retail,Real Estate,42,0
TX001733,2024-03-25 10:00,9291.21,Card,CN,SME,Financial Services,69,0
TX001734,2024-03-16 17:00,113.34,Card,AE,SME,Crypto,78,0
TX001735,2024-03-24 17:00,59.32,Wire,US,HNW,Gambling,100,0
TX001736,2024-02-06 10:00,104.36,Card,US,HNW,Real Estate,68,0
TX001737,2024-01-30 22:00,3168.39,ACH,AE,HNW,Crypto,91,0
TX001738,2024-01-20 23:00,118.12,Card,CN,SME,Retail,59,0
TX001739,2024-02-07 02:00,416.2,SWIFT,CN,Retail,Financial Services,85,0
TX001740,2024-01-30 07:00,460.59,ACH,DE,Retail,Crypto,23,0
TX001741,2024-02-05 20:00,205.77,Wire,SG,SME,Retail,70,0
TX001742,2024-02-21 12:00,302.54,SWIFT,CN,HNW,Retail,62,0
TX001743,2024-07-02 02:00,918.78,Wire,DE,HNW,Gambling,7,0
TX001744,2024-01-22 22:00,574.05,Card,RU,SME,Gambling,20,0
TX001745,2024-03-11 22:00,1243.71,Card,DE,Corporate,Gambling,43,0
TX001746,2024-03-16 03:00,1197.46,Card,CN,Retail,Real Estate,4,0
TX001747,2024-06-07 00:00,1277.65,ACH,RU,SME,Financial Services,57,0
TX001748,2024-02-14 16:00,19.62,Card,RU,HNW,Gambling,87,0
TX001749,2024-03-13 22:00,755.47,Card,DE,Corporate,Gambling,95,0
TX001750,2024-07-03 19:00,110.47,SWIFT,CN,SME,Crypto,92,0
TX001751,2024-04-28 08:00,470.15,Card,CN,Retail,Real Estate,94,0
TX001752,2024-05-15 15:00,822.11,SWIFT,KY,Corporate,Financial Services,28,0
TX001753,2024-03-04 19:00,197.77,Wire,US,SME,Retail,87,0
TX001754,2024-06-10 06:00,221.77,Wire,SG,SME,Gambling,13,0
TX001755,2024-07-04 01:00,876.35,Card,KY,SME,Crypto,39,0
TX001756,2024-03-26 02:00,356.96,ACH,KY,Corporate,Crypto,35,0
TX001757,2024-05-07 06:00,149.06,Card,AE,Retail,Crypto,21,0
TX001758,2024-05-10 21:00,163.13,SWIFT,US,HNW,Crypto,40,0
TX001759,2024-03-11 18:00,595.22,Wire,KY,Retail,Real Estate,40,0
TX001760,2024-01-09 08:00,1021.39,SWIFT,KY,Corporate,Real Estate,100,0
TX001761,2024-03-27 20:00,1407.58,ACH,DE,Corporate,Financial Services,89,0
TX001762,2024-04-25 14:00,1553.37,Crypto,KY,Corporate,Gambling,47,0
TX001763,2024-03-17 21:00,1008.7,Card,AE,HNW,Retail,40,0
TX001764,2024-05-27 07:00,1107.37,Card,DE,SME,Financial Services,24,0
TX001765,2024-03-08 05:00,2465.09,Card,DE,Retail,Retail,42,0
TX001766,2024-04-02 14:00,652.43,ACH,US,Retail,Retail,50,0
TX001767,2024-02-01 08:00,1306.83,Wire,US,Corporate,Financial Services,76,0
TX001768,2024-05-28 23:00,828.1,SWIFT,AE,SME,Financial Services,18,0
TX001769,2024-05-12 23:00,115.08,SWIFT,SG,Retail,Gambling,100,0
TX001770,2024-01-18 08:00,801.49,SWIFT,AE,Retail,Retail,6,0
TX001771,2024-02-22 08:00,318.63,Card,RU,SME,Real Estate,63,0
TX001772,2024-04-29 02:00,164.35,Wire,US,HNW,Crypto,24,0
TX001773,2024-04-12 13:00,8934.8,ACH,CN,Retail,Gambling,32,0
TX001774,2024-04-26 08:00,213.85,Card,AE,SME,Financial Services,13,0
TX001775,2024-05-15 07:00,517.09,Card,AE,Retail,Real Estate,59,0
TX001776,2024-05-14 09:00,454.62,Card,RU,HNW,Financial Services,45,0
TX001777,2024-01-05 07:00,2288.87,SWIFT,RU,Retail,Retail,55,0
TX001778,2024-04-27 18:00,1567.12,Wire,CN,SME,Financial Services,59,0
TX001779,2024-05-29 13:00,774.49,Crypto,AE,HNW,Financial Services,36,0
TX001780,2024-07-13 21:00,1114.72,Card,KY,Retail,Financial Services,52,0
TX001781,2024-05-04 02:00,1029.99,Card,DE,HNW,Retail,46,0
TX001782,2024-05-25 05:00,120.33,Card,CN,SME,Crypto,86,0
TX001783,2024-04-30 19:00,334.19,Card,RU,SME,Gambling,84,0
TX001784,2024-01-16 04:00,1073.55,SWIFT,DE,Retail,Crypto,99,0
TX001785,2024-01-09 03:00,97.32,Card,DE,HNW,Retail,43,0
TX001786,2024-03-17 14:00,754.21,Wire,US,SME,Real Estate,93,0
TX001787,2024-05-22 09:00,19157.14,Card,US,HNW,Real Estate,14,0
TX001788,2024-02-05 17:00,1046.87,Card,AE,Corporate,Financial Services,4,0
TX001789,2024-04-04 21:00,516.43,Wire,RU,Corporate,Gambling,70,0
TX001790,2024-06-29 04:00,188.66,Wire,KY,Retail,Real Estate,5,0
TX001791,2024-04-11 21:00,1992.43,SWIFT,SG,Retail,Gambling,10,0
TX001792,2024-07-02 18:00,1749.77,Card,CN,HNW,Financial Services,70,0
TX001793,2024-04-28 03:00,305.31,ACH,RU,Corporate,Gambling,74,0
TX001794,2024-02-21 11:00,1785.32,Card,AE,HNW,Real Estate,3,0
TX001795,2024-07-08 07:00,675.67,Card,AE,Corporate,Financial Services,84,0
TX001796,2024-07-02 16:00,383.0,Card,AE,Corporate,Retail,93,0
TX001797,2024-05-30 00:00,3034.05,ACH,KY,SME,Retail,61,0
TX001798,2024-06-06 19:00,621.46,Card,KY,HNW,Retail,81,0
TX001799,2024-06-30 09:00,528.0,Card,KY,Retail,Crypto,33,0
TX001800,2024-06-11 14:00,555.37,Card,DE,Retail,Financial Services,14,0
TX001801,2024-04-23 11:00,58.52,Wire,DE,HNW,Financial Services,17,0
TX001802,2024-01-06 08:00,182.13,Wire,SG,HNW,Crypto,39,0
TX001803,2024-05-02 17:00,3122.31,Card,AE,HNW,Gambling,23,0
TX001804,2024-02-09 09:00,337.8,Wire,GB,SME,Retail,63,0
TX001805,2024-04-29 09:00,286.87,Card,AE,HNW,Real Estate,61,0
TX001806,2024-05-31 12:00,112.85,Wire,US,HNW,Gambling,27,0
TX001807,2024-05-31 11:00,862.21,Wire,US,Corporate,Retail,5,0
TX001808,2024-02-15 04:00,939.43,Wire,KY,Retail,Crypto,62,0
TX001809,2024-04-08 04:00,287.32,ACH,RU,Retail,Retail,89,0
TX001810,2024-04-08 12:00,2588.59,Card,RU,Retail,Gambling,95,0
TX001811,2024-05-11 08:00,4552.0,Card,US,Corporate,Crypto,56,0
TX001812,2024-04-03 07:00,1135.7,Wire,SG,Corporate,Crypto,10,0
TX001813,2024-07-19 13:00,629.62,ACH,RU,Retail,Crypto,25,1
TX001814,2024-07-18 00:00,14.37,Card,US,HNW,Real Estate,56,0
TX001815,2024-01-04 04:00,124.65,ACH,RU,Retail,Retail,46,0
TX001816,2024-06-06 14:00,187.38,Crypto,KY,HNW,Crypto,20,0
TX001817,2024-04-05 15:00,125.42,Card,SG,Corporate,Gambling,81,0
TX001818,2024-04-07 02:00,941.85,Card,CN,HNW,Financial Services,77,0
TX001819,2024-04-17 06:00,1620.87,SWIFT,RU,Corporate,Gambling,69,0
TX001820,2024-02-16 17:00,236.91,Card,US,HNW,Real Estate,69,0
TX001821,2024-04-22 23:00,141.6,Card,GB,HNW,Retail,37,0
TX001822,2024-04-02 06:00,859.44,SWIFT,DE,Retail,Financial Services,77,0
TX001823,2024-01-31 00:00,161.65,Card,GB,Retail,Gambling,55,0
TX001824,2024-05-03 23:00,304.04,Card,SG,Corporate,Gambling,22,1
TX001825,2024-05-16 13:00,4425.89,Card,RU,Corporate,Financial Services,21,0
TX001826,2024-04-16 10:00,48.74,ACH,SG,Retail,Crypto,65,0
TX001827,2024-05-24 04:00,370.13,Card,SG,HNW,Real Estate,86,0
TX001828,2024-05-04 02:00,3333.34,Card,CN,Retail,Crypto,78,0
TX001829,2024-03-26 23:00,522.77,Wire,CN,HNW,Real Estate,46,0
TX001830,2024-06-12 21:00,1359.64,Card,DE,SME,Gambling,21,0
TX001831,2024-07-02 17:00,210.83,Card,US,HNW,Crypto,70,0
TX001832,2024-01-09 01:00,248.04,Crypto,DE,HNW,Crypto,97,0
TX001833,2024-07-07 11:00,2034.7,Crypto,CN,Corporate,Financial Services,97,0
TX001834,2024-06-18 11:00,352.5,Card,GB,SME,Gambling,69,0
TX001835,2024-01-14 23:00,36.12,ACH,CN,HNW,Financial Services,1,0
TX001836,2024-03-13 10:00,343.99,SWIFT,GB,Corporate,Crypto,40,0
TX001837,2024-04-07 21:00,1320.42,Crypto,US,Retail,Gambling,69,0
TX001838,2024-05-11 01:00,103.93,Card,AE,Retail,Financial Services,27,0
TX001839,2024-02-03 12:00,1617.72,ACH,RU,HNW,Gambling,11,0
TX001840,2024-07-02 08:00,736.23,Card,DE,Corporate,Retail,47,0
TX001841,2024-04-10 13:00,111.63,SWIFT,RU,Retail,Real Estate,93,0
TX001842,2024-07-19 01:00,301.65,Card,CN,HNW,Gambling,45,0
TX001843,2024-04-14 03:00,158.27,Wire,DE,Retail,Retail,36,0
TX001844,2024-04-25 06:00,335.96,Wire,RU,Retail,Real Estate,56,0
TX001845,2024-04-18 18:00,241.57,ACH,DE,SME,Financial Services,70,0
TX001846,2024-01-24 12:00,315.41,Wire,RU,SME,Crypto,20,0
TX001847,2024-05-21 17:00,59.0,SWIFT,DE,Corporate,Financial Services,10,0
TX001848,2024-06-12 19:00,194.18,Card,US,Corporate,Retail,62,0
TX001849,2024-04-13 12:00,3664.12,Wire,RU,Retail,Retail,79,0
TX001850,2024-05-30 05:00,130.46,Card,SG,Corporate,Real Estate,58,0
TX001851,2024-04-21 06:00,607.27,Card,DE,Retail,Financial Services,79,0
TX001852,2024-01-06 18:00,963.62,Card,US,Retail,Retail,63,0
TX001853,2024-07-02 14:00,1999.09,SWIFT,CN,SME,Crypto,47,0
TX001854,2024-04-05 10:00,35.37,SWIFT,GB,SME,Financial Services,42,0
TX001855,2024-05-24 19:00,693.42,Card,AE,SME,Real Estate,38,0
TX001856,2024-06-13 02:00,76.9,Card,SG,Corporate,Financial Services,95,0
TX001857,2024-04-19 05:00,801.18,Card,GB,HNW,Retail,23,0
TX001858,2024-07-19 01:00,916.84,Card,US,Retail,Crypto,42,0
TX001859,2024-06-08 15:00,424.93,SWIFT,SG,Corporate,Real Estate,26,0
TX001860,2024-07-03 09:00,735.67,Crypto,KY,Corporate,Retail,47,0
TX001861,2024-05-09 01:00,2049.42,ACH,DE,SME,Real Estate,77,0
TX001862,2024-01-16 03:00,378.7,SWIFT,AE,Corporate,Real Estate,6,0
TX001863,2024-02-06 18:00,514.76,Card,KY,Corporate,Retail,25,0
TX001864,2024-05-12 20:00,389.41,ACH,AE,SME,Real Estate,37,1
TX001865,2024-06-11 21:00,20712.53,Crypto,DE,Corporate,Financial Services,94,0
TX001866,2024-06-03 11:00,92.42,Card,AE,Corporate,Retail,31,0
TX001867,2024-03-27 15:00,879.22,ACH,US,Retail,Gambling,49,0
TX001868,2024-03-15 09:00,955.27,Wire,GB,SME,Crypto,44,0
TX001869,2024-06-07 10:00,1204.3,Wire,CN,Corporate,Real Estate,63,0
TX001870,2024-03-16 21:00,605.24,Card,SG,Retail,Retail,28,0
TX001871,2024-06-01 23:00,2217.07,Wire,SG,Corporate,Financial Services,11,0
TX001872,2024-02-01 21:00,74.82,Card,RU,Retail,Real Estate,70,0
TX001873,2024-01-24 11:00,259.67,Crypto,CN,Corporate,Financial Services,73,0
TX001874,2024-06-13 00:00,2555.35,Card,DE,Corporate,Retail,74,0
TX001875,2024-05-02 22:00,169.53,Crypto,RU,SME,Crypto,40,0
TX001876,2024-07-01 15:00,1177.16,Card,CN,HNW,Financial Services,12,0
TX001877,2024-03-12 09:00,491.68,Card,GB,SME,Crypto,16,0
TX001878,2024-01-28 02:00,1095.48,Wire,CN,SME,Gambling,37,0
TX001879,2024-07-16 11:00,189.4,Wire,CN,HNW,Crypto,37,0
TX001880,2024-04-29 21:00,400.65,Wire,KY,Retail,Financial Services,22,0
TX001881,2024-05-23 19:00,241.8,Wire,SG,Retail,Retail,3,0
TX001882,2024-06-22 09:00,142.93,Wire,CN,HNW,Gambling,17,0
TX001883,2024-07-10 00:00,579.91,SWIFT,SG,HNW,Crypto,87,0
TX001884,2024-03-29 14:00,150.53,SWIFT,SG,HNW,Real Estate,44,0
TX001885,2024-04-17 22:00,49.54,Card,US,SME,Crypto,82,0
TX001886,2024-05-01 06:00,39.22,Card,CN,Retail,Financial Services,46,0
TX001887,2024-06-22 14:00,241.41,Card,DE,Corporate,Financial Services,25,0
TX001888,2024-06-20 05:00,11994.98,Wire,US,Corporate,Financial Services,16,0
TX001889,2024-04-05 13:00,373.72,Wire,CN,Retail,Gambling,13,0
TX001890,2024-04-28 06:00,346.64,ACH,RU,SME,Real Estate,5,0
TX001891,2024-04-11 17:00,952.17,ACH,KY,SME,Crypto,20,0
TX001892,2024-01-27 04:00,168.83,Card,AE,SME,Crypto,98,0
TX001893,2024-05-14 14:00,208.55,SWIFT,DE,Corporate,Retail,72,0
TX001894,2024-01-28 05:00,201.14,Wire,CN,Retail,Crypto,56,0
TX001895,2024-06-29 11:00,130.82,SWIFT,RU,SME,Gambling,91,0
TX001896,2024-05-26 09:00,120.01,Card,KY,Retail,Retail,34,0
TX001897,2024-03-17 06:00,239.29,Wire,US,Corporate,Crypto,99,0
TX001898,2024-03-31 10:00,644.36,Card,DE,Retail,Crypto,49,0
TX001899,2024-03-24 10:00,1444.87,Wire,DE,Retail,Retail,37,0
TX001900,2024-04-17 22:00,61.64,SWIFT,CN,HNW,Financial Services,72,0
TX001901,2024-01-24 13:00,492.51,Wire,KY,SME,Financial Services,34,0
TX001902,2024-01-23 23:00,44.51,Card,SG,Corporate,Crypto,55,0
TX001903,2024-01-23 13:00,1340.94,Wire,SG,Corporate,Retail,9,0
TX001904,2024-03-02 01:00,1286.28,ACH,KY,HNW,Gambling,98,0
TX001905,2024-06-08 09:00,422.11,Wire,CN,SME,Real Estate,76,0
TX001906,2024-07-10 03:00,129.15,Crypto,US,Corporate,Real Estate,27,0
TX001907,2024-01-04 10:00,770.95,SWIFT,AE,Corporate,Gambling,84,0
TX001908,2024-01-22 03:00,18.97,Card,SG,Corporate,Gambling,31,0
TX001909,2024-06-25 01:00,2681.05,ACH,SG,Retail,Crypto,2,0
TX001910,2024-05-11 22:00,125.87,SWIFT,US,Corporate,Gambling,88,0
TX001911,2024-04-10 04:00,410.24,Wire,DE,SME,Gambling,50,0
TX001912,2024-02-17 01:00,600.39,Wire,US,Corporate,Retail,28,0
TX001913,2024-05-09 09:00,43.39,Wire,DE,Retail,Gambling,24,0
TX001914,2024-03-23 18:00,202.57,Card,SG,SME,Retail,18,0
TX001915,2024-02-17 07:00,1128.7,Wire,KY,Corporate,Gambling,24,0
TX001916,2024-02-11 12:00,373.02,Card,CN,Corporate,Gambling,9,0
TX001917,2024-05-21 13:00,2437.31,Card,KY,SME,Real Estate,42,0
TX001918,2024-05-11 20:00,98.32,Card,CN,SME,Crypto,85,0
TX001919,2024-05-22 15:00,42.08,Card,RU,Corporate,Gambling,87,0
TX001920,2024-01-18 08:00,374.08,SWIFT,KY,SME,Gambling,93,0
TX001921,2024-07-11 00:00,435.02,ACH,AE,Retail,Crypto,97,0
TX001922,2024-03-23 06:00,590.56,Card,AE,Retail,Retail,23,0
TX001923,2024-06-08 14:00,2107.71,Card,CN,Corporate,Real Estate,97,0
TX001924,2024-01-22 10:00,290.92,Card,AE,Corporate,Crypto,41,0
TX001925,2024-05-19 12:00,571.81,Card,US,Corporate,Financial Services,99,0
TX001926,2024-01-25 03:00,727.12,Card,DE,HNW,Gambling,40,0
TX001927,2024-06-17 21:00,2573.04,Crypto,AE,Corporate,Real Estate,99,0
TX001928,2024-06-16 02:00,48.63,Card,AE,Retail,Financial Services,25,0
TX001929,2024-07-06 17:00,4698.56,SWIFT,KY,Retail,Gambling,76,0
TX001930,2024-04-07 14:00,299.48,ACH,AE,SME,Gambling,0,0
TX001931,2024-02-04 09:00,126.74,Card,DE,Retail,Retail,15,0
TX001932,2024-06-29 19:00,460.24,Crypto,AE,Retail,Gambling,51,0
TX001933,2024-02-20 20:00,1481.89,Card,SG,HNW,Financial Services,78,0
TX001934,2024-01-21 17:00,326.14,SWIFT,SG,HNW,Crypto,86,0
TX001935,2024-03-09 16:00,13.03,ACH,RU,Retail,Retail,48,0
TX001936,2024-03-22 02:00,712.52,Crypto,US,SME,Financial Services,62,0
TX001937,2024-04-22 00:00,579.72,Crypto,KY,SME,Real Estate,86,0
TX001938,2024-03-21 22:00,387.44,Card,AE,SME,Crypto,95,0
TX001939,2024-01-22 00:00,237.07,Crypto,US,Retail,Gambling,75,0
TX001940,2024-06-02 00:00,3572.0,Wire,KY,SME,Gambling,5,0
TX001941,2024-03-13 22:00,262.77,Card,KY,Retail,Financial Services,51,0
TX001942,2024-02-27 01:00,537.09,Card,US,Retail,Real Estate,58,0
TX001943,2024-02-17 02:00,458.57,Crypto,CN,Corporate,Gambling,84,0
TX001944,2024-04-09 20:00,1363.79,Card,SG,HNW,Real Estate,83,0
TX001945,2024-03-13 02:00,63.9,Wire,KY,Retail,Gambling,58,0
TX001946,2024-06-16 17:00,1716.23,Wire,US,SME,Gambling,34,0
TX001947,2024-05-22 13:00,63.41,Card,DE,SME,Financial Services,84,0
TX001948,2024-05-18 15:00,442.67,Crypto,CN,HNW,Crypto,31,0
TX001949,2024-05-26 21:00,474.41,Card,KY,HNW,Gambling,85,1
TX001950,2024-05-11 12:00,95.27,Card,DE,HNW,Gambling,32,0
TX001951,2024-05-11 02:00,622.48,Crypto,US,HNW,Retail,21,0
TX001952,2024-05-31 20:00,115.61,Card,RU,Corporate,Retail,14,0
TX001953,2024-03-03 23:00,1788.54,ACH,RU,Corporate,Retail,53,0
TX001954,2024-03-02 08:00,543.55,Card,AE,HNW,Real Estate,12,0
TX001955,2024-03-30 04:00,620.04,ACH,RU,HNW,Retail,33,0
TX001956,2024-04-28 11:00,308.23,ACH,CN,HNW,Crypto,99,0
TX001957,2024-06-25 17:00,419.6,Card,KY,SME,Crypto,96,0
TX001958,2024-01-31 16:00,961.1,SWIFT,AE,Corporate,Gambling,32,0
TX001959,2024-07-02 20:00,6033.54,Wire,RU,Corporate,Financial Services,27,0
TX001960,2024-06-17 16:00,190.38,Card,AE,HNW,Gambling,75,0
TX001961,2024-02-26 09:00,1657.52,Crypto,SG,Retail,Real Estate,69,0
TX001962,2024-01-25 22:00,346.55,ACH,SG,HNW,Financial Services,28,0
TX001963,2024-03-09 19:00,426.59,Card,AE,Retail,Gambling,69,0
TX001964,2024-01-15 14:00,1121.27,Wire,GB,SME,Retail,86,0
TX001965,2024-06-25 15:00,956.62,Card,RU,SME,Financial Services,11,0
TX001966,2024-02-26 19:00,31.78,Card,US,Corporate,Gambling,82,0
TX001967,2024-04-23 23:00,213.28,ACH,KY,SME,Gambling,2,0
TX001968,2024-05-17 02:00,58.37,Card,GB,SME,Crypto,59,0
TX001969,2024-03-31 08:00,135.05,SWIFT,AE,HNW,Financial Services,25,0
TX001970,2024-03-26 10:00,182.0,Card,SG,Retail,Gambling,36,0
TX001971,2024-01-13 08:00,741.84,Wire,CN,Retail,Real Estate,88,0
TX001972,2024-02-04 16:00,157.49,ACH,KY,HNW,Financial Services,42,0
TX001973,2024-06-25 06:00,414.96,ACH,AE,Retail,Gambling,27,0
TX001974,2024-04-05 18:00,296.5,SWIFT,AE,SME,Financial Services,21,0
TX001975,2024-03-16 16:00,741.21,ACH,RU,Corporate,Crypto,83,0
TX001976,2024-04-07 05:00,1983.97,Crypto,SG,Corporate,Gambling,21,0
TX001977,2024-07-19 22:00,2079.97,Card,GB,Retail,Gambling,63,0
TX001978,2024-01-02 20:00,1358.26,SWIFT,SG,Retail,Retail,74,0
TX001979,2024-06-19 11:00,514.45,Card,SG,HNW,Real Estate,72,1
TX001980,2024-05-02 07:00,1015.28,ACH,GB,HNW,Gambling,42,0
TX001981,2024-03-28 09:00,132.12,Wire,GB,Retail,Real Estate,24,0
TX001982,2024-07-05 05:00,2199.07,Card,CN,Corporate,Retail,54,0
TX001983,2024-05-22 22:00,333.69,Wire,SG,SME,Real Estate,13,0
TX001984,2024-04-07 13:00,497.15,ACH,CN,HNW,Real Estate,100,0
TX001985,2024-04-29 19:00,3429.6,ACH,US,SME,Crypto,87,0
TX001986,2024-02-10 02:00,234.03,ACH,SG,SME,Crypto,15,0
TX001987,2024-01-04 13:00,494.19,Crypto,RU,SME,Crypto,2,0
TX001988,2024-02-27 08:00,540.46,Card,SG,Retail,Gambling,27,0
TX001989,2024-02-17 03:00,75.28,Card,AE,HNW,Crypto,24,0
TX001990,2024-02-06 16:00,166.28,Crypto,KY,Corporate,Gambling,69,0
TX001991,2024-06-26 21:00,1461.16,Wire,US,HNW,Gambling,28,0
TX001992,2024-07-12 23:00,3923.69,Card,RU,SME,Gambling,60,0
TX001993,2024-05-05 09:00,65.95,Wire,US,SME,Retail,84,0
TX001994,2024-03-02 12:00,832.3,SWIFT,GB,HNW,Crypto,96,0
TX001995,2024-05-07 19:00,248.22,Crypto,GB,HNW,Real Estate,47,0
TX001996,2024-05-04 08:00,646.08,SWIFT,RU,Corporate,Crypto,25,0
TX001997,2024-03-20 05:00,1464.28,Card,DE,SME,Crypto,17,0
TX001998,2024-03-26 13:00,55.38,ACH,SG,Corporate,Crypto,82,0
TX001999,2024-06-29 06:00,345.57,Crypto,AE,HNW,Real Estate,9,0
TX002000,2024-06-16 18:00,2739.42,Card,US,SME,Retail,41,0
TX002001,2024-05-02 01:00,94.69,ACH,KY,Corporate,Real Estate,69,0
TX002002,2024-04-27 09:00,253.54,SWIFT,CN,Corporate,Crypto,9,0
TX002003,2024-05-22 10:00,2155.9,Wire,AE,Retail,Real Estate,37,0
TX002004,2024-05-05 05:00,133.29,Card,CN,HNW,Real Estate,98,0
TX002005,2024-02-04 22:00,437.55,Wire,GB,Retail,Financial Services,31,0
TX002006,2024-03-30 05:00,1160.17,ACH,RU,Corporate,Gambling,72,0
TX002007,2024-02-20 19:00,188.0,Card,US,HNW,Gambling,39,0
TX002008,2024-07-12 09:00,267.29,ACH,AE,HNW,Real Estate,52,0
TX002009,2024-04-27 18:00,159.5,Wire,DE,SME,Gambling,70,0
TX002010,2024-03-25 13:00,946.62,Card,CN,Corporate,Crypto,26,0
TX002011,2024-05-14 02:00,1266.31,SWIFT,KY,Retail,Real Estate,66,0
TX002012,2024-02-15 20:00,1939.68,Crypto,SG,Corporate,Gambling,21,0
TX002013,2024-05-26 13:00,889.56,Card,DE,Retail,Retail,98,0
TX002014,2024-07-19 20:00,137.34,ACH,KY,SME,Retail,37,0
TX002015,2024-04-07 06:00,205.72,ACH,US,HNW,Crypto,67,0
TX002016,2024-02-13 05:00,1367.4,Card,SG,Corporate,Retail,22,0
TX002017,2024-03-12 11:00,372.19,Card,GB,Retail,Real Estate,72,0
TX002018,2024-02-23 02:00,191.1,Wire,CN,SME,Financial Services,69,0
TX002019,2024-06-15 23:00,624.07,Card,KY,SME,Crypto,38,0
TX002020,2024-05-09 20:00,222.89,Wire,KY,Retail,Retail,16,0
TX002021,2024-05-20 17:00,617.78,Crypto,US,Corporate,Retail,31,0
TX002022,2024-02-13 12:00,3157.83,Card,GB,Retail,Real Estate,75,0
TX002023,2024-06-15 03:00,147.25,Card,US,SME,Financial Services,55,0
TX002024,2024-03-27 10:00,574.87,Wire,AE,Retail,Crypto,37,0
TX002025,2024-05-24 01:00,311.07,Card,GB,Retail,Crypto,16,0
TX002026,2024-03-22 18:00,4996.2,Card,DE,HNW,Real Estate,14,0
TX002027,2024-02-29 22:00,171.96,SWIFT,AE,HNW,Crypto,27,0
TX002028,2024-03-04 00:00,1914.1,Wire,RU,Corporate,Crypto,89,0
TX002029,2024-01-06 23:00,678.27,Card,RU,Corporate,Crypto,56,0
TX002030,2024-03-14 22:00,2342.0,Card,AE,HNW,Retail,86,0
TX002031,2024-01-14 04:00,855.45,Card,DE,Corporate,Retail,19,0
TX002032,2024-01-07 03:00,173.7,SWIFT,KY,Corporate,Gambling,52,0
TX002033,2024-05-27 23:00,240.98,Card,US,Retail,Crypto,33,0
TX002034,2024-04-27 21:00,412.97,Wire,GB,SME,Financial Services,58,0
TX002035,2024-04-02 16:00,114.77,Wire,DE,SME,Financial Services,17,0
TX002036,2024-07-14 20:00,2013.99,ACH,GB,HNW,Crypto,4,0
TX002037,2024-03-11 11:00,3505.43,ACH,AE,Corporate,Crypto,49,0
TX002038,2024-03-02 17:00,156.58,Card,US,HNW,Gambling,12,0
TX002039,2024-07-11 14:00,299.81,Wire,SG,Retail,Real Estate,48,0
TX002040,2024-07-07 14:00,680.88,ACH,AE,HNW,Retail,52,0
TX002041,2024-05-02 00:00,1307.83,Card,US,SME,Crypto,69,0
TX002042,2024-01-03 01:00,292.15,ACH,KY,HNW,Financial Services,17,0
TX002043,2024-05-26 01:00,135.74,Card,GB,SME,Financial Services,16,0
TX002044,2024-06-01 23:00,2857.72,Crypto,RU,Corporate,Retail,18,0
TX002045,2024-03-15 23:00,1602.72,Wire,AE,SME,Financial Services,28,0
TX002046,2024-04-24 19:00,2330.7,Wire,KY,Corporate,Real Estate,12,1
TX002047,2024-01-15 16:00,782.77,ACH,DE,Retail,Real Estate,12,0
TX002048,2024-04-19 12:00,169.81,Wire,SG,SME,Financial Services,19,0
TX002049,2024-01-29 17:00,574.13,Wire,AE,Corporate,Crypto,15,0
TX002050,2024-01-07 06:00,365.42,Card,CN,Corporate,Crypto,19,0
TX002051,2024-05-19 19:00,186.8,Card,CN,SME,Crypto,95,0
TX002052,2024-02-17 09:00,64.17,Card,RU,HNW,Retail,4,0
TX002053,2024-01-15 02:00,166.83,Card,AE,Retail,Retail,90,0
TX002054,2024-02-15 07:00,76.81,Wire,CN,HNW,Real Estate,5,0
TX002055,2024-07-08 23:00,557.63,Wire,KY,HNW,Financial Services,34,0
TX002056,2024-02-05 11:00,1857.18,ACH,SG,HNW,Real Estate,93,0
TX002057,2024-05-05 08:00,1031.47,ACH,AE,HNW,Retail,86,0
TX002058,2024-03-14 17:00,367.19,Crypto,AE,Retail,Financial Services,45,0
TX002059,2024-03-25 22:00,292.06,Card,CN,SME,Gambling,72,0
TX002060,2024-03-27 21:00,113.61,Crypto,DE,SME,Retail,99,0
TX002061,2024-04-28 01:00,1255.65,Card,DE,SME,Financial Services,11,0
TX002062,2024-06-16 21:00,425.3,Card,US,Corporate,Retail,97,0
TX002063,2024-03-18 16:00,138.54,Card,AE,SME,Retail,53,0
TX002064,2024-03-22 05:00,237.43,Wire,KY,SME,Real Estate,8,0
TX002065,2024-03-09 19:00,1745.27,SWIFT,KY,HNW,Financial Services,67,0
TX002066,2024-04-19 11:00,338.38,Wire,SG,Retail,Real Estate,3,1
TX002067,2024-06-29 12:00,1253.78,Card,SG,SME,Real Estate,62,0
TX002068,2024-03-24 15:00,35.23,Card,KY,HNW,Retail,80,0
TX002069,2024-02-12 07:00,284.16,Wire,GB,Corporate,Retail,92,0
TX002070,2024-02-12 06:00,191.51,Crypto,SG,SME,Gambling,65,0
TX002071,2024-02-17 07:00,2199.59,Wire,DE,SME,Financial Services,14,0
TX002072,2024-04-27 06:00,331.68,SWIFT,US,HNW,Gambling,62,0
TX002073,2024-07-01 07:00,984.3,Card,GB,HNW,Crypto,83,0
TX002074,2024-04-15 02:00,54.63,Card,CN,Corporate,Real Estate,29,0
TX002075,2024-04-11 10:00,95.19,Card,DE,Corporate,Financial Services,7,0
TX002076,2024-03-09 19:00,6584.51,SWIFT,DE,Corporate,Gambling,99,0
TX002077,2024-01-11 21:00,11.74,ACH,SG,SME,Retail,89,0
TX002078,2024-07-14 08:00,134.44,ACH,GB,Retail,Real Estate,8,0
TX002079,2024-06-13 21:00,498.68,Card,RU,SME,Real Estate,64,0
TX002080,2024-05-05 08:00,241.93,Card,KY,HNW,Real Estate,94,0
TX002081,2024-02-11 08:00,2134.06,ACH,CN,SME,Financial Services,62,0
TX002082,2024-07-04 22:00,10417.05,Card,DE,SME,Gambling,9,0
TX002083,2024-03-18 06:00,2464.21,ACH,US,Retail,Financial Services,64,0
TX002084,2024-04-04 08:00,620.69,Card,AE,HNW,Crypto,79,0
TX002085,2024-07-06 04:00,1018.32,Crypto,GB,SME,Real Estate,90,0
TX002086,2024-06-21 19:00,1204.11,Card,US,Corporate,Real Estate,7,0
TX002087,2024-05-19 18:00,30.99,Card,US,SME,Crypto,75,0
TX002088,2024-03-07 14:00,340.79,SWIFT,RU,Retail,Retail,67,0
TX002089,2024-02-03 09:00,311.27,ACH,RU,Corporate,Crypto,66,0
TX002090,2024-07-10 15:00,150.95,ACH,US,SME,Retail,62,0
TX002091,2024-06-20 01:00,70.56,Wire,KY,SME,Financial Services,1,0
TX002092,2024-04-18 23:00,778.01,SWIFT,US,HNW,Retail,87,0
TX002093,2024-03-06 05:00,455.42,Card,RU,HNW,Real Estate,19,0
TX002094,2024-01-20 16:00,143.61,Card,DE,Retail,Gambling,83,0
TX002095,2024-02-15 23:00,1243.45,Card,DE,Corporate,Crypto,41,0
TX002096,2024-02-21 20:00,265.81,Crypto,KY,Corporate,Crypto,97,0
TX002097,2024-05-19 06:00,565.61,Card,CN,Corporate,Retail,64,0
TX002098,2024-07-06 16:00,911.69,ACH,KY,Corporate,Real Estate,22,0
TX002099,2024-04-15 00:00,2256.49,Card,SG,HNW,Real Estate,38,0
TX002100,2024-02-23 05:00,650.18,Card,US,Corporate,Real Estate,50,0
TX002101,2024-06-21 19:00,487.8,Card,US,Corporate,Gambling,84,0
TX002102,2024-06-17 22:00,749.69,SWIFT,RU,Corporate,Financial Services,73,0
TX002103,2024-02-02 04:00,1586.64,Card,SG,Retail,Gambling,56,0
TX002104,2024-05-01 18:00,484.65,ACH,SG,SME,Crypto,30,0
TX002105,2024-02-27 13:00,38.75,SWIFT,CN,Corporate,Real Estate,73,0
TX002106,2024-06-22 00:00,699.78,ACH,KY,SME,Retail,100,0
TX002107,2024-06-06 03:00,91.08,Card,GB,SME,Retail,42,0
TX002108,2024-06-22 21:00,198.53,Card,US,Retail,Crypto,87,0
TX002109,2024-05-31 06:00,802.76,Wire,DE,Corporate,Crypto,1,0
TX002110,2024-01-18 14:00,775.99,ACH,SG,Retail,Real Estate,57,0
TX002111,2024-02-10 16:00,713.99,Card,KY,SME,Retail,98,0
TX002112,2024-04-03 23:00,542.32,Card,CN,HNW,Retail,97,0
TX002113,2024-07-09 00:00,154.35,ACH,DE,HNW,Gambling,67,0
TX002114,2024-03-06 12:00,16.05,Crypto,KY,Corporate,Gambling,48,0
TX002115,2024-02-08 06:00,96.71,ACH,AE,SME,Financial Services,0,0
TX002116,2024-07-07 02:00,1080.83,Card,AE,SME,Real Estate,13,0
TX002117,2024-05-15 12:00,1002.92,ACH,KY,SME,Crypto,80,0
TX002118,2024-04-07 23:00,547.23,ACH,SG,HNW,Crypto,85,0
TX002119,2024-03-26 13:00,319.16,ACH,RU,Retail,Gambling,76,0
TX002120,2024-05-27 10:00,1030.73,Card,US,Retail,Financial Services,29,0
TX002121,2024-05-07 02:00,841.65,Card,US,Retail,Gambling,78,0
TX002122,2024-05-20 03:00,65.02,Card,KY,Retail,Real Estate,20,0
TX002123,2024-05-05 03:00,94.91,Card,SG,Retail,Financial Services,57,0
TX002124,2024-04-02 03:00,474.77,ACH,AE,Retail,Gambling,44,0
TX002125,2024-02-23 04:00,575.19,Crypto,CN,Retail,Retail,23,0
TX002126,2024-04-16 21:00,263.85,ACH,US,SME,Retail,32,0
TX002127,2024-01-03 16:00,850.7,Card,US,SME,Gambling,20,0
TX002128,2024-05-03 08:00,780.65,ACH,AE,HNW,Retail,35,0
TX002129,2024-06-01 09:00,97.73,ACH,US,SME,Financial Services,42,0
TX002130,2024-03-30 02:00,380.11,SWIFT,RU,HNW,Financial Services,22,0
TX002131,2024-01-12 11:00,372.69,Card,AE,SME,Retail,16,0
TX002132,2024-06-25 23:00,613.89,ACH,SG,Retail,Gambling,37,0
TX002133,2024-07-14 16:00,104.2,Wire,KY,Retail,Real Estate,32,0
TX002134,2024-06-05 13:00,39.52,Wire,CN,HNW,Financial Services,87,0
TX002135,2024-06-19 06:00,523.94,Card,DE,HNW,Gambling,96,0
TX002136,2024-06-15 00:00,3461.08,Card,CN,SME,Real Estate,40,0
TX002137,2024-05-01 23:00,6449.18,Card,KY,Retail,Real Estate,82,0
TX002138,2024-03-22 02:00,190.34,Wire,US,Retail,Real Estate,91,0
TX002139,2024-04-01 23:00,267.13,ACH,DE,HNW,Gambling,47,0
TX002140,2024-01-19 09:00,545.92,Wire,DE,SME,Real Estate,75,0
TX002141,2024-06-24 11:00,1533.98,Card,KY,Retail,Financial Services,0,0
TX002142,2024-07-14 12:00,251.56,Card,CN,Retail,Gambling,40,0
TX002143,2024-05-31 01:00,300.73,Wire,AE,SME,Gambling,100,0
TX002144,2024-03-30 15:00,78.78,ACH,US,SME,Financial Services,94,0
TX002145,2024-06-29 20:00,383.75,Card,SG,Corporate,Gambling,17,0
TX002146,2024-02-22 08:00,284.57,ACH,DE,Retail,Financial Services,45,0
TX002147,2024-05-17 01:00,317.36,ACH,RU,SME,Retail,34,0
TX002148,2024-05-11 17:00,74.26,Wire,RU,HNW,Crypto,62,0
TX002149,2024-02-24 20:00,606.05,Crypto,DE,Retail,Retail,6,0
TX002150,2024-05-14 11:00,666.65,ACH,DE,SME,Real Estate,30,0
TX002151,2024-04-06 03:00,168.42,ACH,AE,HNW,Financial Services,83,0
TX002152,2024-06-03 01:00,1246.13,ACH,KY,Corporate,Financial Services,4,0
TX002153,2024-01-02 20:00,681.24,Wire,KY,HNW,Real Estate,98,0
TX002154,2024-04-06 20:00,862.3,Card,GB,SME,Gambling,51,0
TX002155,2024-03-25 05:00,309.29,Wire,CN,HNW,Real Estate,55,0
TX002156,2024-02-26 16:00,763.2,SWIFT,GB,Retail,Retail,2,0
TX002157,2024-01-04 09:00,221.66,Card,RU,Corporate,Real Estate,45,0
TX002158,2024-03-10 03:00,52.21,Card,KY,SME,Financial Services,84,0
TX002159,2024-03-28 08:00,17.91,Card,AE,SME,Financial Services,20,0
TX002160,2024-03-17 13:00,450.78,ACH,AE,Corporate,Retail,54,0
TX002161,2024-05-29 19:00,204.82,Card,CN,Retail,Retail,73,0
TX002162,2024-01-05 05:00,178.88,Wire,RU,Retail,Financial Services,93,0
TX002163,2024-01-09 06:00,160.07,Wire,RU,Retail,Financial Services,28,0
TX002164,2024-01-04 16:00,160.86,ACH,DE,Corporate,Retail,72,0
TX002165,2024-02-02 20:00,418.16,Wire,DE,Retail,Retail,44,0
TX002166,2024-02-14 08:00,980.57,SWIFT,US,Retail,Gambling,44,0
TX002167,2024-04-09 09:00,1380.54,Wire,GB,SME,Financial Services,31,0
TX002168,2024-02-10 11:00,920.05,SWIFT,GB,Corporate,Gambling,30,0
TX002169,2024-02-29 03:00,290.31,Wire,RU,HNW,Gambling,91,0
TX002170,2024-04-01 00:00,11.13,Wire,AE,HNW,Crypto,28,0
TX002171,2024-06-17 17:00,117.35,Card,GB,SME,Retail,60,0
TX002172,2024-07-18 21:00,237.58,ACH,KY,HNW,Crypto,97,0
TX002173,2024-01-21 15:00,733.69,Card,GB,Corporate,Real Estate,71,0
TX002174,2024-06-14 18:00,2845.6,Wire,DE,Retail,Gambling,43,0
TX002175,2024-04-27 13:00,725.93,ACH,AE,Corporate,Retail,68,0
TX002176,2024-03-12 05:00,163.84,Wire,US,Retail,Gambling,24,0
TX002177,2024-03-31 22:00,40.65,ACH,KY,Corporate,Crypto,88,0
TX002178,2024-06-14 18:00,210.44,ACH,SG,Retail,Financial Services,71,0
TX002179,2024-06-24 03:00,28.07,SWIFT,DE,SME,Crypto,10,0
TX002180,2024-05-04 03:00,221.25,Crypto,DE,SME,Gambling,69,0
TX002181,2024-03-08 13:00,101.5,SWIFT,GB,SME,Gambling,44,0
TX002182,2024-05-12 23:00,943.42,ACH,DE,Corporate,Retail,49,0
TX002183,2024-03-10 00:00,2666.24,ACH,GB,Retail,Financial Services,8,0
TX002184,2024-01-19 18:00,41.46,SWIFT,RU,Retail,Real Estate,83,1
TX002185,2024-01-16 00:00,1063.92,SWIFT,CN,Retail,Financial Services,32,0
TX002186,2024-03-22 02:00,152.84,Card,AE,Corporate,Retail,15,0
TX002187,2024-02-12 18:00,195.26,ACH,AE,HNW,Gambling,58,0
TX002188,2024-02-04 11:00,630.08,ACH,KY,SME,Financial Services,91,0
TX002189,2024-04-15 16:00,420.8,ACH,DE,Retail,Crypto,35,0
TX002190,2024-04-20 14:00,1118.56,Card,AE,HNW,Gambling,48,0
TX002191,2024-01-24 05:00,313.6,Card,SG,Corporate,Crypto,9,0
TX002192,2024-03-03 03:00,708.14,Card,SG,Corporate,Retail,78,0
TX002193,2024-05-20 01:00,86.47,Card,SG,Corporate,Crypto,23,0
TX002194,2024-05-10 03:00,250.05,Card,DE,SME,Crypto,22,0
TX002195,2024-01-19 07:00,922.31,Card,SG,HNW,Gambling,37,0
TX002196,2024-01-17 12:00,800.61,Card,DE,Retail,Crypto,7,0
TX002197,2024-04-07 13:00,2158.24,SWIFT,US,Corporate,Financial Services,47,0
TX002198,2024-03-03 23:00,948.88,SWIFT,KY,SME,Real Estate,21,0
TX002199,2024-01-28 08:00,282.61,ACH,AE,Corporate,Crypto,17,0
